Expression	Value	Location	Type	
adcBuffer	<array>	0x20004734	uint16_t[16]	
arrays	Error (col 1): Unknown or ambiguous symbol. arrays			
LLD	400	0x20000008	uint16_t	
comp_count	Error (col 1): Unknown or ambiguous symbol. comp_count			
counter_buff	Error (col 1): Unknown or ambiguous symbol. counter_buff			
compResults	Error (col 1): Unknown or ambiguous symbol. compResults			
spectrearray	<array>	0x20000410	uint32_t[4096]	
[0]	540	0x20000410	uint32_t	
[1]	0	0x20000414	uint32_t	
[2]	0	0x20000418	uint32_t	
[3]	0	0x2000041C	uint32_t	
[4]	0	0x20000420	uint32_t	
[5]	0	0x20000424	uint32_t	
[6]	0	0x20000428	uint32_t	
[7]	0	0x2000042C	uint32_t	
[8]	0	0x20000430	uint32_t	
[9]	0	0x20000434	uint32_t	
[10]	0	0x20000438	uint32_t	
[11]	0	0x2000043C	uint32_t	
[12]	0	0x20000440	uint32_t	
[13]	0	0x20000444	uint32_t	
[14]	2	0x20000448	uint32_t	
[15]	1	0x2000044C	uint32_t	
[16]	3	0x20000450	uint32_t	
[17]	9	0x20000454	uint32_t	
[18]	9	0x20000458	uint32_t	
[19]	17	0x2000045C	uint32_t	
[20]	33	0x20000460	uint32_t	
[21]	46	0x20000464	uint32_t	
[22]	71	0x20000468	uint32_t	
[23]	99	0x2000046C	uint32_t	
[24]	169	0x20000470	uint32_t	
[25]	184	0x20000474	uint32_t	
[26]	259	0x20000478	uint32_t	
[27]	379	0x2000047C	uint32_t	
[28]	454	0x20000480	uint32_t	
[29]	575	0x20000484	uint32_t	
[30]	762	0x20000488	uint32_t	
[31]	888	0x2000048C	uint32_t	
[32]	1039	0x20000490	uint32_t	
[33]	1197	0x20000494	uint32_t	
[34]	1358	0x20000498	uint32_t	
[35]	1513	0x2000049C	uint32_t	
[36]	1733	0x200004A0	uint32_t	
[37]	1772	0x200004A4	uint32_t	
[38]	1958	0x200004A8	uint32_t	
[39]	2008	0x200004AC	uint32_t	
[40]	2128	0x200004B0	uint32_t	
[41]	2229	0x200004B4	uint32_t	
[42]	2248	0x200004B8	uint32_t	
[43]	2208	0x200004BC	uint32_t	
[44]	2294	0x200004C0	uint32_t	
[45]	2261	0x200004C4	uint32_t	
[46]	2167	0x200004C8	uint32_t	
[47]	2128	0x200004CC	uint32_t	
[48]	2136	0x200004D0	uint32_t	
[49]	2018	0x200004D4	uint32_t	
[50]	2021	0x200004D8	uint32_t	
[51]	1948	0x200004DC	uint32_t	
[52]	1900	0x200004E0	uint32_t	
[53]	1740	0x200004E4	uint32_t	
[54]	1728	0x200004E8	uint32_t	
[55]	1683	0x200004EC	uint32_t	
[56]	1655	0x200004F0	uint32_t	
[57]	1562	0x200004F4	uint32_t	
[58]	1611	0x200004F8	uint32_t	
[59]	1539	0x200004FC	uint32_t	
[60]	1475	0x20000500	uint32_t	
[61]	1415	0x20000504	uint32_t	
[62]	1393	0x20000508	uint32_t	
[63]	1264	0x2000050C	uint32_t	
[64]	1286	0x20000510	uint32_t	
[65]	1258	0x20000514	uint32_t	
[66]	1172	0x20000518	uint32_t	
[67]	1217	0x2000051C	uint32_t	
[68]	1039	0x20000520	uint32_t	
[69]	1084	0x20000524	uint32_t	
[70]	1018	0x20000528	uint32_t	
[71]	995	0x2000052C	uint32_t	
[72]	953	0x20000530	uint32_t	
[73]	926	0x20000534	uint32_t	
[74]	913	0x20000538	uint32_t	
[75]	856	0x2000053C	uint32_t	
[76]	778	0x20000540	uint32_t	
[77]	803	0x20000544	uint32_t	
[78]	754	0x20000548	uint32_t	
[79]	725	0x2000054C	uint32_t	
[80]	714	0x20000550	uint32_t	
[81]	737	0x20000554	uint32_t	
[82]	675	0x20000558	uint32_t	
[83]	659	0x2000055C	uint32_t	
[84]	658	0x20000560	uint32_t	
[85]	620	0x20000564	uint32_t	
[86]	657	0x20000568	uint32_t	
[87]	594	0x2000056C	uint32_t	
[88]	573	0x20000570	uint32_t	
[89]	614	0x20000574	uint32_t	
[90]	586	0x20000578	uint32_t	
[91]	523	0x2000057C	uint32_t	
[92]	600	0x20000580	uint32_t	
[93]	540	0x20000584	uint32_t	
[94]	539	0x20000588	uint32_t	
[95]	537	0x2000058C	uint32_t	
[96]	490	0x20000590	uint32_t	
[97]	524	0x20000594	uint32_t	
[98]	512	0x20000598	uint32_t	
[99]	488	0x2000059C	uint32_t	
[100]	493	0x200005A0	uint32_t	
[101]	465	0x200005A4	uint32_t	
[102]	453	0x200005A8	uint32_t	
[103]	476	0x200005AC	uint32_t	
[104]	471	0x200005B0	uint32_t	
[105]	446	0x200005B4	uint32_t	
[106]	493	0x200005B8	uint32_t	
[107]	412	0x200005BC	uint32_t	
[108]	446	0x200005C0	uint32_t	
[109]	421	0x200005C4	uint32_t	
[110]	423	0x200005C8	uint32_t	
[111]	415	0x200005CC	uint32_t	
[112]	432	0x200005D0	uint32_t	
[113]	414	0x200005D4	uint32_t	
[114]	385	0x200005D8	uint32_t	
[115]	386	0x200005DC	uint32_t	
[116]	411	0x200005E0	uint32_t	
[117]	407	0x200005E4	uint32_t	
[118]	386	0x200005E8	uint32_t	
[119]	391	0x200005EC	uint32_t	
[120]	373	0x200005F0	uint32_t	
[121]	382	0x200005F4	uint32_t	
[122]	359	0x200005F8	uint32_t	
[123]	360	0x200005FC	uint32_t	
[124]	353	0x20000600	uint32_t	
[125]	358	0x20000604	uint32_t	
[126]	302	0x20000608	uint32_t	
[127]	346	0x2000060C	uint32_t	
[128]	335	0x20000610	uint32_t	
[129]	312	0x20000614	uint32_t	
[130]	327	0x20000618	uint32_t	
[131]	315	0x2000061C	uint32_t	
[132]	311	0x20000620	uint32_t	
[133]	288	0x20000624	uint32_t	
[134]	291	0x20000628	uint32_t	
[135]	260	0x2000062C	uint32_t	
[136]	265	0x20000630	uint32_t	
[137]	245	0x20000634	uint32_t	
[138]	258	0x20000638	uint32_t	
[139]	226	0x2000063C	uint32_t	
[140]	243	0x20000640	uint32_t	
[141]	270	0x20000644	uint32_t	
[142]	256	0x20000648	uint32_t	
[143]	229	0x2000064C	uint32_t	
[144]	241	0x20000650	uint32_t	
[145]	237	0x20000654	uint32_t	
[146]	241	0x20000658	uint32_t	
[147]	204	0x2000065C	uint32_t	
[148]	237	0x20000660	uint32_t	
[149]	187	0x20000664	uint32_t	
[150]	207	0x20000668	uint32_t	
[151]	204	0x2000066C	uint32_t	
[152]	214	0x20000670	uint32_t	
[153]	191	0x20000674	uint32_t	
[154]	200	0x20000678	uint32_t	
[155]	226	0x2000067C	uint32_t	
[156]	200	0x20000680	uint32_t	
[157]	185	0x20000684	uint32_t	
[158]	188	0x20000688	uint32_t	
[159]	222	0x2000068C	uint32_t	
[160]	190	0x20000690	uint32_t	
[161]	196	0x20000694	uint32_t	
[162]	173	0x20000698	uint32_t	
[163]	187	0x2000069C	uint32_t	
[164]	166	0x200006A0	uint32_t	
[165]	187	0x200006A4	uint32_t	
[166]	152	0x200006A8	uint32_t	
[167]	167	0x200006AC	uint32_t	
[168]	216	0x200006B0	uint32_t	
[169]	177	0x200006B4	uint32_t	
[170]	169	0x200006B8	uint32_t	
[171]	154	0x200006BC	uint32_t	
[172]	150	0x200006C0	uint32_t	
[173]	181	0x200006C4	uint32_t	
[174]	172	0x200006C8	uint32_t	
[175]	174	0x200006CC	uint32_t	
[176]	160	0x200006D0	uint32_t	
[177]	167	0x200006D4	uint32_t	
[178]	165	0x200006D8	uint32_t	
[179]	182	0x200006DC	uint32_t	
[180]	168	0x200006E0	uint32_t	
[181]	167	0x200006E4	uint32_t	
[182]	175	0x200006E8	uint32_t	
[183]	173	0x200006EC	uint32_t	
[184]	176	0x200006F0	uint32_t	
[185]	177	0x200006F4	uint32_t	
[186]	188	0x200006F8	uint32_t	
[187]	181	0x200006FC	uint32_t	
[188]	176	0x20000700	uint32_t	
[189]	174	0x20000704	uint32_t	
[190]	155	0x20000708	uint32_t	
[191]	164	0x2000070C	uint32_t	
[192]	164	0x20000710	uint32_t	
[193]	166	0x20000714	uint32_t	
[194]	134	0x20000718	uint32_t	
[195]	169	0x2000071C	uint32_t	
[196]	151	0x20000720	uint32_t	
[197]	158	0x20000724	uint32_t	
[198]	145	0x20000728	uint32_t	
[199]	161	0x2000072C	uint32_t	
[200]	159	0x20000730	uint32_t	
[201]	139	0x20000734	uint32_t	
[202]	158	0x20000738	uint32_t	
[203]	149	0x2000073C	uint32_t	
[204]	140	0x20000740	uint32_t	
[205]	141	0x20000744	uint32_t	
[206]	146	0x20000748	uint32_t	
[207]	152	0x2000074C	uint32_t	
[208]	150	0x20000750	uint32_t	
[209]	128	0x20000754	uint32_t	
[210]	140	0x20000758	uint32_t	
[211]	146	0x2000075C	uint32_t	
[212]	121	0x20000760	uint32_t	
[213]	126	0x20000764	uint32_t	
[214]	115	0x20000768	uint32_t	
[215]	128	0x2000076C	uint32_t	
[216]	128	0x20000770	uint32_t	
[217]	150	0x20000774	uint32_t	
[218]	113	0x20000778	uint32_t	
[219]	129	0x2000077C	uint32_t	
[220]	118	0x20000780	uint32_t	
[221]	121	0x20000784	uint32_t	
[222]	116	0x20000788	uint32_t	
[223]	146	0x2000078C	uint32_t	
[224]	140	0x20000790	uint32_t	
[225]	116	0x20000794	uint32_t	
[226]	123	0x20000798	uint32_t	
[227]	124	0x2000079C	uint32_t	
[228]	131	0x200007A0	uint32_t	
[229]	131	0x200007A4	uint32_t	
[230]	107	0x200007A8	uint32_t	
[231]	127	0x200007AC	uint32_t	
[232]	112	0x200007B0	uint32_t	
[233]	103	0x200007B4	uint32_t	
[234]	125	0x200007B8	uint32_t	
[235]	117	0x200007BC	uint32_t	
[236]	107	0x200007C0	uint32_t	
[237]	91	0x200007C4	uint32_t	
[238]	94	0x200007C8	uint32_t	
[239]	95	0x200007CC	uint32_t	
[240]	115	0x200007D0	uint32_t	
[241]	109	0x200007D4	uint32_t	
[242]	102	0x200007D8	uint32_t	
[243]	88	0x200007DC	uint32_t	
[244]	109	0x200007E0	uint32_t	
[245]	109	0x200007E4	uint32_t	
[246]	100	0x200007E8	uint32_t	
[247]	104	0x200007EC	uint32_t	
[248]	97	0x200007F0	uint32_t	
[249]	93	0x200007F4	uint32_t	
[250]	109	0x200007F8	uint32_t	
[251]	88	0x200007FC	uint32_t	
[252]	103	0x20000800	uint32_t	
[253]	80	0x20000804	uint32_t	
[254]	94	0x20000808	uint32_t	
[255]	94	0x2000080C	uint32_t	
[256]	87	0x20000810	uint32_t	
[257]	80	0x20000814	uint32_t	
[258]	82	0x20000818	uint32_t	
[259]	86	0x2000081C	uint32_t	
[260]	81	0x20000820	uint32_t	
[261]	79	0x20000824	uint32_t	
[262]	72	0x20000828	uint32_t	
[263]	68	0x2000082C	uint32_t	
[264]	69	0x20000830	uint32_t	
[265]	82	0x20000834	uint32_t	
[266]	69	0x20000838	uint32_t	
[267]	83	0x2000083C	uint32_t	
[268]	81	0x20000840	uint32_t	
[269]	82	0x20000844	uint32_t	
[270]	61	0x20000848	uint32_t	
[271]	75	0x2000084C	uint32_t	
[272]	65	0x20000850	uint32_t	
[273]	84	0x20000854	uint32_t	
[274]	71	0x20000858	uint32_t	
[275]	71	0x2000085C	uint32_t	
[276]	76	0x20000860	uint32_t	
[277]	67	0x20000864	uint32_t	
[278]	90	0x20000868	uint32_t	
[279]	84	0x2000086C	uint32_t	
[280]	76	0x20000870	uint32_t	
[281]	81	0x20000874	uint32_t	
[282]	83	0x20000878	uint32_t	
[283]	84	0x2000087C	uint32_t	
[284]	76	0x20000880	uint32_t	
[285]	88	0x20000884	uint32_t	
[286]	91	0x20000888	uint32_t	
[287]	73	0x2000088C	uint32_t	
[288]	95	0x20000890	uint32_t	
[289]	87	0x20000894	uint32_t	
[290]	78	0x20000898	uint32_t	
[291]	93	0x2000089C	uint32_t	
[292]	103	0x200008A0	uint32_t	
[293]	105	0x200008A4	uint32_t	
[294]	117	0x200008A8	uint32_t	
[295]	101	0x200008AC	uint32_t	
[296]	124	0x200008B0	uint32_t	
[297]	82	0x200008B4	uint32_t	
[298]	113	0x200008B8	uint32_t	
[299]	133	0x200008BC	uint32_t	
[300]	120	0x200008C0	uint32_t	
[301]	126	0x200008C4	uint32_t	
[302]	105	0x200008C8	uint32_t	
[303]	132	0x200008CC	uint32_t	
[304]	119	0x200008D0	uint32_t	
[305]	110	0x200008D4	uint32_t	
[306]	127	0x200008D8	uint32_t	
[307]	117	0x200008DC	uint32_t	
[308]	120	0x200008E0	uint32_t	
[309]	134	0x200008E4	uint32_t	
[310]	113	0x200008E8	uint32_t	
[311]	102	0x200008EC	uint32_t	
[312]	110	0x200008F0	uint32_t	
[313]	111	0x200008F4	uint32_t	
[314]	94	0x200008F8	uint32_t	
[315]	109	0x200008FC	uint32_t	
[316]	94	0x20000900	uint32_t	
[317]	92	0x20000904	uint32_t	
[318]	80	0x20000908	uint32_t	
[319]	79	0x2000090C	uint32_t	
[320]	77	0x20000910	uint32_t	
[321]	73	0x20000914	uint32_t	
[322]	73	0x20000918	uint32_t	
[323]	70	0x2000091C	uint32_t	
[324]	66	0x20000920	uint32_t	
[325]	73	0x20000924	uint32_t	
[326]	59	0x20000928	uint32_t	
[327]	54	0x2000092C	uint32_t	
[328]	71	0x20000930	uint32_t	
[329]	55	0x20000934	uint32_t	
[330]	58	0x20000938	uint32_t	
[331]	50	0x2000093C	uint32_t	
[332]	48	0x20000940	uint32_t	
[333]	41	0x20000944	uint32_t	
[334]	53	0x20000948	uint32_t	
[335]	34	0x2000094C	uint32_t	
[336]	36	0x20000950	uint32_t	
[337]	34	0x20000954	uint32_t	
[338]	32	0x20000958	uint32_t	
[339]	31	0x2000095C	uint32_t	
[340]	31	0x20000960	uint32_t	
[341]	25	0x20000964	uint32_t	
[342]	23	0x20000968	uint32_t	
[343]	30	0x2000096C	uint32_t	
[344]	18	0x20000970	uint32_t	
[345]	22	0x20000974	uint32_t	
[346]	22	0x20000978	uint32_t	
[347]	25	0x2000097C	uint32_t	
[348]	29	0x20000980	uint32_t	
[349]	26	0x20000984	uint32_t	
[350]	24	0x20000988	uint32_t	
[351]	22	0x2000098C	uint32_t	
[352]	23	0x20000990	uint32_t	
[353]	19	0x20000994	uint32_t	
[354]	19	0x20000998	uint32_t	
[355]	24	0x2000099C	uint32_t	
[356]	12	0x200009A0	uint32_t	
[357]	19	0x200009A4	uint32_t	
[358]	24	0x200009A8	uint32_t	
[359]	19	0x200009AC	uint32_t	
[360]	24	0x200009B0	uint32_t	
[361]	15	0x200009B4	uint32_t	
[362]	21	0x200009B8	uint32_t	
[363]	26	0x200009BC	uint32_t	
[364]	17	0x200009C0	uint32_t	
[365]	26	0x200009C4	uint32_t	
[366]	19	0x200009C8	uint32_t	
[367]	11	0x200009CC	uint32_t	
[368]	25	0x200009D0	uint32_t	
[369]	14	0x200009D4	uint32_t	
[370]	22	0x200009D8	uint32_t	
[371]	19	0x200009DC	uint32_t	
[372]	15	0x200009E0	uint32_t	
[373]	6	0x200009E4	uint32_t	
[374]	20	0x200009E8	uint32_t	
[375]	10	0x200009EC	uint32_t	
[376]	14	0x200009F0	uint32_t	
[377]	24	0x200009F4	uint32_t	
[378]	11	0x200009F8	uint32_t	
[379]	18	0x200009FC	uint32_t	
[380]	16	0x20000A00	uint32_t	
[381]	19	0x20000A04	uint32_t	
[382]	13	0x20000A08	uint32_t	
[383]	6	0x20000A0C	uint32_t	
[384]	21	0x20000A10	uint32_t	
[385]	10	0x20000A14	uint32_t	
[386]	9	0x20000A18	uint32_t	
[387]	12	0x20000A1C	uint32_t	
[388]	16	0x20000A20	uint32_t	
[389]	13	0x20000A24	uint32_t	
[390]	16	0x20000A28	uint32_t	
[391]	14	0x20000A2C	uint32_t	
[392]	8	0x20000A30	uint32_t	
[393]	7	0x20000A34	uint32_t	
[394]	15	0x20000A38	uint32_t	
[395]	10	0x20000A3C	uint32_t	
[396]	14	0x20000A40	uint32_t	
[397]	9	0x20000A44	uint32_t	
[398]	17	0x20000A48	uint32_t	
[399]	9	0x20000A4C	uint32_t	
[400]	12	0x20000A50	uint32_t	
[401]	11	0x20000A54	uint32_t	
[402]	15	0x20000A58	uint32_t	
[403]	19	0x20000A5C	uint32_t	
[404]	11	0x20000A60	uint32_t	
[405]	12	0x20000A64	uint32_t	
[406]	17	0x20000A68	uint32_t	
[407]	10	0x20000A6C	uint32_t	
[408]	8	0x20000A70	uint32_t	
[409]	12	0x20000A74	uint32_t	
[410]	14	0x20000A78	uint32_t	
[411]	10	0x20000A7C	uint32_t	
[412]	7	0x20000A80	uint32_t	
[413]	13	0x20000A84	uint32_t	
[414]	10	0x20000A88	uint32_t	
[415]	10	0x20000A8C	uint32_t	
[416]	10	0x20000A90	uint32_t	
[417]	9	0x20000A94	uint32_t	
[418]	12	0x20000A98	uint32_t	
[419]	4	0x20000A9C	uint32_t	
[420]	11	0x20000AA0	uint32_t	
[421]	9	0x20000AA4	uint32_t	
[422]	14	0x20000AA8	uint32_t	
[423]	7	0x20000AAC	uint32_t	
[424]	7	0x20000AB0	uint32_t	
[425]	12	0x20000AB4	uint32_t	
[426]	8	0x20000AB8	uint32_t	
[427]	9	0x20000ABC	uint32_t	
[428]	11	0x20000AC0	uint32_t	
[429]	10	0x20000AC4	uint32_t	
[430]	11	0x20000AC8	uint32_t	
[431]	7	0x20000ACC	uint32_t	
[432]	6	0x20000AD0	uint32_t	
[433]	6	0x20000AD4	uint32_t	
[434]	11	0x20000AD8	uint32_t	
[435]	15	0x20000ADC	uint32_t	
[436]	8	0x20000AE0	uint32_t	
[437]	15	0x20000AE4	uint32_t	
[438]	13	0x20000AE8	uint32_t	
[439]	13	0x20000AEC	uint32_t	
[440]	13	0x20000AF0	uint32_t	
[441]	11	0x20000AF4	uint32_t	
[442]	11	0x20000AF8	uint32_t	
[443]	10	0x20000AFC	uint32_t	
[444]	6	0x20000B00	uint32_t	
[445]	11	0x20000B04	uint32_t	
[446]	6	0x20000B08	uint32_t	
[447]	13	0x20000B0C	uint32_t	
[448]	14	0x20000B10	uint32_t	
[449]	14	0x20000B14	uint32_t	
[450]	15	0x20000B18	uint32_t	
[451]	13	0x20000B1C	uint32_t	
[452]	10	0x20000B20	uint32_t	
[453]	10	0x20000B24	uint32_t	
[454]	13	0x20000B28	uint32_t	
[455]	11	0x20000B2C	uint32_t	
[456]	12	0x20000B30	uint32_t	
[457]	14	0x20000B34	uint32_t	
[458]	8	0x20000B38	uint32_t	
[459]	9	0x20000B3C	uint32_t	
[460]	7	0x20000B40	uint32_t	
[461]	6	0x20000B44	uint32_t	
[462]	10	0x20000B48	uint32_t	
[463]	8	0x20000B4C	uint32_t	
[464]	7	0x20000B50	uint32_t	
[465]	11	0x20000B54	uint32_t	
[466]	3	0x20000B58	uint32_t	
[467]	7	0x20000B5C	uint32_t	
[468]	13	0x20000B60	uint32_t	
[469]	8	0x20000B64	uint32_t	
[470]	5	0x20000B68	uint32_t	
[471]	9	0x20000B6C	uint32_t	
[472]	10	0x20000B70	uint32_t	
[473]	8	0x20000B74	uint32_t	
[474]	8	0x20000B78	uint32_t	
[475]	11	0x20000B7C	uint32_t	
[476]	8	0x20000B80	uint32_t	
[477]	4	0x20000B84	uint32_t	
[478]	6	0x20000B88	uint32_t	
[479]	6	0x20000B8C	uint32_t	
[480]	6	0x20000B90	uint32_t	
[481]	8	0x20000B94	uint32_t	
[482]	8	0x20000B98	uint32_t	
[483]	9	0x20000B9C	uint32_t	
[484]	9	0x20000BA0	uint32_t	
[485]	13	0x20000BA4	uint32_t	
[486]	6	0x20000BA8	uint32_t	
[487]	7	0x20000BAC	uint32_t	
[488]	9	0x20000BB0	uint32_t	
[489]	3	0x20000BB4	uint32_t	
[490]	11	0x20000BB8	uint32_t	
[491]	5	0x20000BBC	uint32_t	
[492]	7	0x20000BC0	uint32_t	
[493]	7	0x20000BC4	uint32_t	
[494]	12	0x20000BC8	uint32_t	
[495]	6	0x20000BCC	uint32_t	
[496]	10	0x20000BD0	uint32_t	
[497]	7	0x20000BD4	uint32_t	
[498]	5	0x20000BD8	uint32_t	
[499]	4	0x20000BDC	uint32_t	
[500]	6	0x20000BE0	uint32_t	
[501]	12	0x20000BE4	uint32_t	
[502]	6	0x20000BE8	uint32_t	
[503]	5	0x20000BEC	uint32_t	
[504]	1	0x20000BF0	uint32_t	
[505]	6	0x20000BF4	uint32_t	
[506]	5	0x20000BF8	uint32_t	
[507]	5	0x20000BFC	uint32_t	
[508]	4	0x20000C00	uint32_t	
[509]	6	0x20000C04	uint32_t	
[510]	4	0x20000C08	uint32_t	
[511]	3	0x20000C0C	uint32_t	
[512]	6	0x20000C10	uint32_t	
[513]	3	0x20000C14	uint32_t	
[514]	6	0x20000C18	uint32_t	
[515]	6	0x20000C1C	uint32_t	
[516]	4	0x20000C20	uint32_t	
[517]	4	0x20000C24	uint32_t	
[518]	8	0x20000C28	uint32_t	
[519]	8	0x20000C2C	uint32_t	
[520]	6	0x20000C30	uint32_t	
[521]	8	0x20000C34	uint32_t	
[522]	2	0x20000C38	uint32_t	
[523]	7	0x20000C3C	uint32_t	
[524]	7	0x20000C40	uint32_t	
[525]	7	0x20000C44	uint32_t	
[526]	6	0x20000C48	uint32_t	
[527]	6	0x20000C4C	uint32_t	
[528]	8	0x20000C50	uint32_t	
[529]	8	0x20000C54	uint32_t	
[530]	5	0x20000C58	uint32_t	
[531]	11	0x20000C5C	uint32_t	
[532]	10	0x20000C60	uint32_t	
[533]	6	0x20000C64	uint32_t	
[534]	7	0x20000C68	uint32_t	
[535]	5	0x20000C6C	uint32_t	
[536]	5	0x20000C70	uint32_t	
[537]	7	0x20000C74	uint32_t	
[538]	4	0x20000C78	uint32_t	
[539]	5	0x20000C7C	uint32_t	
[540]	10	0x20000C80	uint32_t	
[541]	7	0x20000C84	uint32_t	
[542]	5	0x20000C88	uint32_t	
[543]	8	0x20000C8C	uint32_t	
[544]	7	0x20000C90	uint32_t	
[545]	3	0x20000C94	uint32_t	
[546]	1	0x20000C98	uint32_t	
[547]	7	0x20000C9C	uint32_t	
[548]	5	0x20000CA0	uint32_t	
[549]	5	0x20000CA4	uint32_t	
[550]	5	0x20000CA8	uint32_t	
[551]	7	0x20000CAC	uint32_t	
[552]	7	0x20000CB0	uint32_t	
[553]	7	0x20000CB4	uint32_t	
[554]	14	0x20000CB8	uint32_t	
[555]	8	0x20000CBC	uint32_t	
[556]	5	0x20000CC0	uint32_t	
[557]	4	0x20000CC4	uint32_t	
[558]	2	0x20000CC8	uint32_t	
[559]	6	0x20000CCC	uint32_t	
[560]	6	0x20000CD0	uint32_t	
[561]	8	0x20000CD4	uint32_t	
[562]	10	0x20000CD8	uint32_t	
[563]	5	0x20000CDC	uint32_t	
[564]	6	0x20000CE0	uint32_t	
[565]	3	0x20000CE4	uint32_t	
[566]	5	0x20000CE8	uint32_t	
[567]	6	0x20000CEC	uint32_t	
[568]	4	0x20000CF0	uint32_t	
[569]	5	0x20000CF4	uint32_t	
[570]	4	0x20000CF8	uint32_t	
[571]	9	0x20000CFC	uint32_t	
[572]	3	0x20000D00	uint32_t	
[573]	5	0x20000D04	uint32_t	
[574]	2	0x20000D08	uint32_t	
[575]	6	0x20000D0C	uint32_t	
[576]	7	0x20000D10	uint32_t	
[577]	8	0x20000D14	uint32_t	
[578]	3	0x20000D18	uint32_t	
[579]	5	0x20000D1C	uint32_t	
[580]	6	0x20000D20	uint32_t	
[581]	4	0x20000D24	uint32_t	
[582]	4	0x20000D28	uint32_t	
[583]	1	0x20000D2C	uint32_t	
[584]	2	0x20000D30	uint32_t	
[585]	1	0x20000D34	uint32_t	
[586]	5	0x20000D38	uint32_t	
[587]	2	0x20000D3C	uint32_t	
[588]	3	0x20000D40	uint32_t	
[589]	1	0x20000D44	uint32_t	
[590]	4	0x20000D48	uint32_t	
[591]	0	0x20000D4C	uint32_t	
[592]	3	0x20000D50	uint32_t	
[593]	1	0x20000D54	uint32_t	
[594]	1	0x20000D58	uint32_t	
[595]	3	0x20000D5C	uint32_t	
[596]	3	0x20000D60	uint32_t	
[597]	3	0x20000D64	uint32_t	
[598]	0	0x20000D68	uint32_t	
[599]	0	0x20000D6C	uint32_t	
[600]	0	0x20000D70	uint32_t	
[601]	1	0x20000D74	uint32_t	
[602]	2	0x20000D78	uint32_t	
[603]	1	0x20000D7C	uint32_t	
[604]	1	0x20000D80	uint32_t	
[605]	0	0x20000D84	uint32_t	
[606]	2	0x20000D88	uint32_t	
[607]	0	0x20000D8C	uint32_t	
[608]	0	0x20000D90	uint32_t	
[609]	1	0x20000D94	uint32_t	
[610]	0	0x20000D98	uint32_t	
[611]	0	0x20000D9C	uint32_t	
[612]	0	0x20000DA0	uint32_t	
[613]	2	0x20000DA4	uint32_t	
[614]	0	0x20000DA8	uint32_t	
[615]	0	0x20000DAC	uint32_t	
[616]	2	0x20000DB0	uint32_t	
[617]	0	0x20000DB4	uint32_t	
[618]	1	0x20000DB8	uint32_t	
[619]	0	0x20000DBC	uint32_t	
[620]	0	0x20000DC0	uint32_t	
[621]	0	0x20000DC4	uint32_t	
[622]	0	0x20000DC8	uint32_t	
[623]	0	0x20000DCC	uint32_t	
[624]	1	0x20000DD0	uint32_t	
[625]	0	0x20000DD4	uint32_t	
[626]	1	0x20000DD8	uint32_t	
[627]	0	0x20000DDC	uint32_t	
[628]	1	0x20000DE0	uint32_t	
[629]	0	0x20000DE4	uint32_t	
[630]	0	0x20000DE8	uint32_t	
[631]	0	0x20000DEC	uint32_t	
[632]	0	0x20000DF0	uint32_t	
[633]	0	0x20000DF4	uint32_t	
[634]	0	0x20000DF8	uint32_t	
[635]	1	0x20000DFC	uint32_t	
[636]	0	0x20000E00	uint32_t	
[637]	0	0x20000E04	uint32_t	
[638]	0	0x20000E08	uint32_t	
[639]	1	0x20000E0C	uint32_t	
[640]	1	0x20000E10	uint32_t	
[641]	0	0x20000E14	uint32_t	
[642]	0	0x20000E18	uint32_t	
[643]	0	0x20000E1C	uint32_t	
[644]	0	0x20000E20	uint32_t	
[645]	0	0x20000E24	uint32_t	
[646]	1	0x20000E28	uint32_t	
[647]	0	0x20000E2C	uint32_t	
[648]	0	0x20000E30	uint32_t	
[649]	0	0x20000E34	uint32_t	
[650]	2	0x20000E38	uint32_t	
[651]	0	0x20000E3C	uint32_t	
[652]	0	0x20000E40	uint32_t	
[653]	0	0x20000E44	uint32_t	
[654]	0	0x20000E48	uint32_t	
[655]	1	0x20000E4C	uint32_t	
[656]	0	0x20000E50	uint32_t	
[657]	0	0x20000E54	uint32_t	
[658]	2	0x20000E58	uint32_t	
[659]	0	0x20000E5C	uint32_t	
[660]	0	0x20000E60	uint32_t	
[661]	0	0x20000E64	uint32_t	
[662]	0	0x20000E68	uint32_t	
[663]	1	0x20000E6C	uint32_t	
[664]	0	0x20000E70	uint32_t	
[665]	0	0x20000E74	uint32_t	
[666]	0	0x20000E78	uint32_t	
[667]	1	0x20000E7C	uint32_t	
[668]	1	0x20000E80	uint32_t	
[669]	0	0x20000E84	uint32_t	
[670]	0	0x20000E88	uint32_t	
[671]	0	0x20000E8C	uint32_t	
[672]	0	0x20000E90	uint32_t	
[673]	0	0x20000E94	uint32_t	
[674]	0	0x20000E98	uint32_t	
[675]	0	0x20000E9C	uint32_t	
[676]	0	0x20000EA0	uint32_t	
[677]	0	0x20000EA4	uint32_t	
[678]	0	0x20000EA8	uint32_t	
[679]	0	0x20000EAC	uint32_t	
[680]	1	0x20000EB0	uint32_t	
[681]	1	0x20000EB4	uint32_t	
[682]	1	0x20000EB8	uint32_t	
[683]	0	0x20000EBC	uint32_t	
[684]	1	0x20000EC0	uint32_t	
[685]	0	0x20000EC4	uint32_t	
[686]	0	0x20000EC8	uint32_t	
[687]	0	0x20000ECC	uint32_t	
[688]	0	0x20000ED0	uint32_t	
[689]	0	0x20000ED4	uint32_t	
[690]	0	0x20000ED8	uint32_t	
[691]	1	0x20000EDC	uint32_t	
[692]	0	0x20000EE0	uint32_t	
[693]	0	0x20000EE4	uint32_t	
[694]	0	0x20000EE8	uint32_t	
[695]	0	0x20000EEC	uint32_t	
[696]	1	0x20000EF0	uint32_t	
[697]	0	0x20000EF4	uint32_t	
[698]	0	0x20000EF8	uint32_t	
[699]	0	0x20000EFC	uint32_t	
[700]	0	0x20000F00	uint32_t	
[701]	0	0x20000F04	uint32_t	
[702]	0	0x20000F08	uint32_t	
[703]	0	0x20000F0C	uint32_t	
[704]	0	0x20000F10	uint32_t	
[705]	1	0x20000F14	uint32_t	
[706]	0	0x20000F18	uint32_t	
[707]	0	0x20000F1C	uint32_t	
[708]	0	0x20000F20	uint32_t	
[709]	0	0x20000F24	uint32_t	
[710]	0	0x20000F28	uint32_t	
[711]	0	0x20000F2C	uint32_t	
[712]	0	0x20000F30	uint32_t	
[713]	0	0x20000F34	uint32_t	
[714]	0	0x20000F38	uint32_t	
[715]	0	0x20000F3C	uint32_t	
[716]	1	0x20000F40	uint32_t	
[717]	0	0x20000F44	uint32_t	
[718]	0	0x20000F48	uint32_t	
[719]	0	0x20000F4C	uint32_t	
[720]	0	0x20000F50	uint32_t	
[721]	0	0x20000F54	uint32_t	
[722]	0	0x20000F58	uint32_t	
[723]	0	0x20000F5C	uint32_t	
[724]	0	0x20000F60	uint32_t	
[725]	1	0x20000F64	uint32_t	
[726]	0	0x20000F68	uint32_t	
[727]	0	0x20000F6C	uint32_t	
[728]	0	0x20000F70	uint32_t	
[729]	0	0x20000F74	uint32_t	
[730]	0	0x20000F78	uint32_t	
[731]	0	0x20000F7C	uint32_t	
[732]	0	0x20000F80	uint32_t	
[733]	0	0x20000F84	uint32_t	
[734]	0	0x20000F88	uint32_t	
[735]	0	0x20000F8C	uint32_t	
[736]	0	0x20000F90	uint32_t	
[737]	1	0x20000F94	uint32_t	
[738]	0	0x20000F98	uint32_t	
[739]	1	0x20000F9C	uint32_t	
[740]	0	0x20000FA0	uint32_t	
[741]	0	0x20000FA4	uint32_t	
[742]	0	0x20000FA8	uint32_t	
[743]	0	0x20000FAC	uint32_t	
[744]	1	0x20000FB0	uint32_t	
[745]	0	0x20000FB4	uint32_t	
[746]	0	0x20000FB8	uint32_t	
[747]	1	0x20000FBC	uint32_t	
[748]	0	0x20000FC0	uint32_t	
[749]	0	0x20000FC4	uint32_t	
[750]	0	0x20000FC8	uint32_t	
[751]	0	0x20000FCC	uint32_t	
[752]	0	0x20000FD0	uint32_t	
[753]	0	0x20000FD4	uint32_t	
[754]	0	0x20000FD8	uint32_t	
[755]	0	0x20000FDC	uint32_t	
[756]	0	0x20000FE0	uint32_t	
[757]	1	0x20000FE4	uint32_t	
[758]	0	0x20000FE8	uint32_t	
[759]	0	0x20000FEC	uint32_t	
[760]	0	0x20000FF0	uint32_t	
[761]	0	0x20000FF4	uint32_t	
[762]	0	0x20000FF8	uint32_t	
[763]	0	0x20000FFC	uint32_t	
[764]	0	0x20001000	uint32_t	
[765]	0	0x20001004	uint32_t	
[766]	0	0x20001008	uint32_t	
[767]	0	0x2000100C	uint32_t	
[768]	0	0x20001010	uint32_t	
[769]	1	0x20001014	uint32_t	
[770]	0	0x20001018	uint32_t	
[771]	1	0x2000101C	uint32_t	
[772]	0	0x20001020	uint32_t	
[773]	1	0x20001024	uint32_t	
[774]	0	0x20001028	uint32_t	
[775]	1	0x2000102C	uint32_t	
[776]	0	0x20001030	uint32_t	
[777]	0	0x20001034	uint32_t	
[778]	0	0x20001038	uint32_t	
[779]	1	0x2000103C	uint32_t	
[780]	0	0x20001040	uint32_t	
[781]	0	0x20001044	uint32_t	
[782]	0	0x20001048	uint32_t	
[783]	0	0x2000104C	uint32_t	
[784]	1	0x20001050	uint32_t	
[785]	0	0x20001054	uint32_t	
[786]	0	0x20001058	uint32_t	
[787]	0	0x2000105C	uint32_t	
[788]	0	0x20001060	uint32_t	
[789]	0	0x20001064	uint32_t	
[790]	0	0x20001068	uint32_t	
[791]	0	0x2000106C	uint32_t	
[792]	0	0x20001070	uint32_t	
[793]	0	0x20001074	uint32_t	
[794]	0	0x20001078	uint32_t	
[795]	0	0x2000107C	uint32_t	
[796]	0	0x20001080	uint32_t	
[797]	0	0x20001084	uint32_t	
[798]	0	0x20001088	uint32_t	
[799]	0	0x2000108C	uint32_t	
[800]	0	0x20001090	uint32_t	
[801]	0	0x20001094	uint32_t	
[802]	0	0x20001098	uint32_t	
[803]	1	0x2000109C	uint32_t	
[804]	0	0x200010A0	uint32_t	
[805]	0	0x200010A4	uint32_t	
[806]	0	0x200010A8	uint32_t	
[807]	0	0x200010AC	uint32_t	
[808]	0	0x200010B0	uint32_t	
[809]	2	0x200010B4	uint32_t	
[810]	0	0x200010B8	uint32_t	
[811]	1	0x200010BC	uint32_t	
[812]	0	0x200010C0	uint32_t	
[813]	0	0x200010C4	uint32_t	
[814]	0	0x200010C8	uint32_t	
[815]	1	0x200010CC	uint32_t	
[816]	1	0x200010D0	uint32_t	
[817]	2	0x200010D4	uint32_t	
[818]	1	0x200010D8	uint32_t	
[819]	0	0x200010DC	uint32_t	
[820]	0	0x200010E0	uint32_t	
[821]	0	0x200010E4	uint32_t	
[822]	1	0x200010E8	uint32_t	
[823]	0	0x200010EC	uint32_t	
[824]	0	0x200010F0	uint32_t	
[825]	0	0x200010F4	uint32_t	
[826]	1	0x200010F8	uint32_t	
[827]	2	0x200010FC	uint32_t	
[828]	0	0x20001100	uint32_t	
[829]	1	0x20001104	uint32_t	
[830]	1	0x20001108	uint32_t	
[831]	0	0x2000110C	uint32_t	
[832]	0	0x20001110	uint32_t	
[833]	0	0x20001114	uint32_t	
[834]	0	0x20001118	uint32_t	
[835]	1	0x2000111C	uint32_t	
[836]	0	0x20001120	uint32_t	
[837]	1	0x20001124	uint32_t	
[838]	0	0x20001128	uint32_t	
[839]	0	0x2000112C	uint32_t	
[840]	0	0x20001130	uint32_t	
[841]	0	0x20001134	uint32_t	
[842]	0	0x20001138	uint32_t	
[843]	0	0x2000113C	uint32_t	
[844]	0	0x20001140	uint32_t	
[845]	1	0x20001144	uint32_t	
[846]	0	0x20001148	uint32_t	
[847]	0	0x2000114C	uint32_t	
[848]	1	0x20001150	uint32_t	
[849]	0	0x20001154	uint32_t	
[850]	0	0x20001158	uint32_t	
[851]	1	0x2000115C	uint32_t	
[852]	0	0x20001160	uint32_t	
[853]	1	0x20001164	uint32_t	
[854]	0	0x20001168	uint32_t	
[855]	0	0x2000116C	uint32_t	
[856]	0	0x20001170	uint32_t	
[857]	0	0x20001174	uint32_t	
[858]	0	0x20001178	uint32_t	
[859]	0	0x2000117C	uint32_t	
[860]	0	0x20001180	uint32_t	
[861]	1	0x20001184	uint32_t	
[862]	1	0x20001188	uint32_t	
[863]	0	0x2000118C	uint32_t	
[864]	0	0x20001190	uint32_t	
[865]	0	0x20001194	uint32_t	
[866]	0	0x20001198	uint32_t	
[867]	0	0x2000119C	uint32_t	
[868]	0	0x200011A0	uint32_t	
[869]	1	0x200011A4	uint32_t	
[870]	0	0x200011A8	uint32_t	
[871]	1	0x200011AC	uint32_t	
[872]	0	0x200011B0	uint32_t	
[873]	0	0x200011B4	uint32_t	
[874]	0	0x200011B8	uint32_t	
[875]	1	0x200011BC	uint32_t	
[876]	0	0x200011C0	uint32_t	
[877]	0	0x200011C4	uint32_t	
[878]	0	0x200011C8	uint32_t	
[879]	1	0x200011CC	uint32_t	
[880]	1	0x200011D0	uint32_t	
[881]	0	0x200011D4	uint32_t	
[882]	0	0x200011D8	uint32_t	
[883]	0	0x200011DC	uint32_t	
[884]	0	0x200011E0	uint32_t	
[885]	0	0x200011E4	uint32_t	
[886]	0	0x200011E8	uint32_t	
[887]	0	0x200011EC	uint32_t	
[888]	0	0x200011F0	uint32_t	
[889]	2	0x200011F4	uint32_t	
[890]	0	0x200011F8	uint32_t	
[891]	0	0x200011FC	uint32_t	
[892]	2	0x20001200	uint32_t	
[893]	0	0x20001204	uint32_t	
[894]	0	0x20001208	uint32_t	
[895]	0	0x2000120C	uint32_t	
[896]	0	0x20001210	uint32_t	
[897]	0	0x20001214	uint32_t	
[898]	0	0x20001218	uint32_t	
[899]	0	0x2000121C	uint32_t	
[900]	0	0x20001220	uint32_t	
[901]	1	0x20001224	uint32_t	
[902]	0	0x20001228	uint32_t	
[903]	0	0x2000122C	uint32_t	
[904]	1	0x20001230	uint32_t	
[905]	0	0x20001234	uint32_t	
[906]	0	0x20001238	uint32_t	
[907]	0	0x2000123C	uint32_t	
[908]	0	0x20001240	uint32_t	
[909]	0	0x20001244	uint32_t	
[910]	0	0x20001248	uint32_t	
[911]	0	0x2000124C	uint32_t	
[912]	0	0x20001250	uint32_t	
[913]	1	0x20001254	uint32_t	
[914]	1	0x20001258	uint32_t	
[915]	0	0x2000125C	uint32_t	
[916]	0	0x20001260	uint32_t	
[917]	0	0x20001264	uint32_t	
[918]	1	0x20001268	uint32_t	
[919]	0	0x2000126C	uint32_t	
[920]	2	0x20001270	uint32_t	
[921]	0	0x20001274	uint32_t	
[922]	0	0x20001278	uint32_t	
[923]	0	0x2000127C	uint32_t	
[924]	0	0x20001280	uint32_t	
[925]	0	0x20001284	uint32_t	
[926]	0	0x20001288	uint32_t	
[927]	0	0x2000128C	uint32_t	
[928]	0	0x20001290	uint32_t	
[929]	0	0x20001294	uint32_t	
[930]	2	0x20001298	uint32_t	
[931]	0	0x2000129C	uint32_t	
[932]	0	0x200012A0	uint32_t	
[933]	0	0x200012A4	uint32_t	
[934]	0	0x200012A8	uint32_t	
[935]	0	0x200012AC	uint32_t	
[936]	0	0x200012B0	uint32_t	
[937]	0	0x200012B4	uint32_t	
[938]	2	0x200012B8	uint32_t	
[939]	0	0x200012BC	uint32_t	
[940]	0	0x200012C0	uint32_t	
[941]	0	0x200012C4	uint32_t	
[942]	0	0x200012C8	uint32_t	
[943]	1	0x200012CC	uint32_t	
[944]	0	0x200012D0	uint32_t	
[945]	0	0x200012D4	uint32_t	
[946]	0	0x200012D8	uint32_t	
[947]	0	0x200012DC	uint32_t	
[948]	0	0x200012E0	uint32_t	
[949]	0	0x200012E4	uint32_t	
[950]	0	0x200012E8	uint32_t	
[951]	0	0x200012EC	uint32_t	
[952]	0	0x200012F0	uint32_t	
[953]	0	0x200012F4	uint32_t	
[954]	0	0x200012F8	uint32_t	
[955]	0	0x200012FC	uint32_t	
[956]	0	0x20001300	uint32_t	
[957]	1	0x20001304	uint32_t	
[958]	0	0x20001308	uint32_t	
[959]	0	0x2000130C	uint32_t	
[960]	0	0x20001310	uint32_t	
[961]	0	0x20001314	uint32_t	
[962]	0	0x20001318	uint32_t	
[963]	0	0x2000131C	uint32_t	
[964]	1	0x20001320	uint32_t	
[965]	0	0x20001324	uint32_t	
[966]	0	0x20001328	uint32_t	
[967]	0	0x2000132C	uint32_t	
[968]	0	0x20001330	uint32_t	
[969]	0	0x20001334	uint32_t	
[970]	0	0x20001338	uint32_t	
[971]	0	0x2000133C	uint32_t	
[972]	0	0x20001340	uint32_t	
[973]	0	0x20001344	uint32_t	
[974]	0	0x20001348	uint32_t	
[975]	0	0x2000134C	uint32_t	
[976]	1	0x20001350	uint32_t	
[977]	0	0x20001354	uint32_t	
[978]	0	0x20001358	uint32_t	
[979]	0	0x2000135C	uint32_t	
[980]	0	0x20001360	uint32_t	
[981]	0	0x20001364	uint32_t	
[982]	0	0x20001368	uint32_t	
[983]	0	0x2000136C	uint32_t	
[984]	0	0x20001370	uint32_t	
[985]	0	0x20001374	uint32_t	
[986]	0	0x20001378	uint32_t	
[987]	0	0x2000137C	uint32_t	
[988]	0	0x20001380	uint32_t	
[989]	1	0x20001384	uint32_t	
[990]	0	0x20001388	uint32_t	
[991]	0	0x2000138C	uint32_t	
[992]	0	0x20001390	uint32_t	
[993]	0	0x20001394	uint32_t	
[994]	0	0x20001398	uint32_t	
[995]	0	0x2000139C	uint32_t	
[996]	0	0x200013A0	uint32_t	
[997]	0	0x200013A4	uint32_t	
[998]	2	0x200013A8	uint32_t	
[999]	0	0x200013AC	uint32_t	
[1000]	0	0x200013B0	uint32_t	
[1001]	0	0x200013B4	uint32_t	
[1002]	0	0x200013B8	uint32_t	
[1003]	0	0x200013BC	uint32_t	
[1004]	0	0x200013C0	uint32_t	
[1005]	0	0x200013C4	uint32_t	
[1006]	0	0x200013C8	uint32_t	
[1007]	0	0x200013CC	uint32_t	
[1008]	1	0x200013D0	uint32_t	
[1009]	0	0x200013D4	uint32_t	
[1010]	1	0x200013D8	uint32_t	
[1011]	0	0x200013DC	uint32_t	
[1012]	1	0x200013E0	uint32_t	
[1013]	0	0x200013E4	uint32_t	
[1014]	0	0x200013E8	uint32_t	
[1015]	0	0x200013EC	uint32_t	
[1016]	0	0x200013F0	uint32_t	
[1017]	0	0x200013F4	uint32_t	
[1018]	0	0x200013F8	uint32_t	
[1019]	0	0x200013FC	uint32_t	
[1020]	0	0x20001400	uint32_t	
[1021]	0	0x20001404	uint32_t	
[1022]	0	0x20001408	uint32_t	
[1023]	0	0x2000140C	uint32_t	
[1024]	0	0x20001410	uint32_t	
[1025]	0	0x20001414	uint32_t	
[1026]	0	0x20001418	uint32_t	
[1027]	0	0x2000141C	uint32_t	
[1028]	0	0x20001420	uint32_t	
[1029]	0	0x20001424	uint32_t	
[1030]	1	0x20001428	uint32_t	
[1031]	0	0x2000142C	uint32_t	
[1032]	0	0x20001430	uint32_t	
[1033]	1	0x20001434	uint32_t	
[1034]	1	0x20001438	uint32_t	
[1035]	0	0x2000143C	uint32_t	
[1036]	1	0x20001440	uint32_t	
[1037]	0	0x20001444	uint32_t	
[1038]	0	0x20001448	uint32_t	
[1039]	0	0x2000144C	uint32_t	
[1040]	0	0x20001450	uint32_t	
[1041]	1	0x20001454	uint32_t	
[1042]	0	0x20001458	uint32_t	
[1043]	0	0x2000145C	uint32_t	
[1044]	0	0x20001460	uint32_t	
[1045]	0	0x20001464	uint32_t	
[1046]	0	0x20001468	uint32_t	
[1047]	1	0x2000146C	uint32_t	
[1048]	0	0x20001470	uint32_t	
[1049]	0	0x20001474	uint32_t	
[1050]	2	0x20001478	uint32_t	
[1051]	1	0x2000147C	uint32_t	
[1052]	0	0x20001480	uint32_t	
[1053]	0	0x20001484	uint32_t	
[1054]	0	0x20001488	uint32_t	
[1055]	0	0x2000148C	uint32_t	
[1056]	1	0x20001490	uint32_t	
[1057]	0	0x20001494	uint32_t	
[1058]	0	0x20001498	uint32_t	
[1059]	0	0x2000149C	uint32_t	
[1060]	1	0x200014A0	uint32_t	
[1061]	0	0x200014A4	uint32_t	
[1062]	1	0x200014A8	uint32_t	
[1063]	0	0x200014AC	uint32_t	
[1064]	0	0x200014B0	uint32_t	
[1065]	0	0x200014B4	uint32_t	
[1066]	0	0x200014B8	uint32_t	
[1067]	0	0x200014BC	uint32_t	
[1068]	0	0x200014C0	uint32_t	
[1069]	0	0x200014C4	uint32_t	
[1070]	0	0x200014C8	uint32_t	
[1071]	1	0x200014CC	uint32_t	
[1072]	0	0x200014D0	uint32_t	
[1073]	0	0x200014D4	uint32_t	
[1074]	0	0x200014D8	uint32_t	
[1075]	0	0x200014DC	uint32_t	
[1076]	0	0x200014E0	uint32_t	
[1077]	0	0x200014E4	uint32_t	
[1078]	0	0x200014E8	uint32_t	
[1079]	0	0x200014EC	uint32_t	
[1080]	1	0x200014F0	uint32_t	
[1081]	0	0x200014F4	uint32_t	
[1082]	1	0x200014F8	uint32_t	
[1083]	0	0x200014FC	uint32_t	
[1084]	0	0x20001500	uint32_t	
[1085]	0	0x20001504	uint32_t	
[1086]	0	0x20001508	uint32_t	
[1087]	0	0x2000150C	uint32_t	
[1088]	0	0x20001510	uint32_t	
[1089]	0	0x20001514	uint32_t	
[1090]	0	0x20001518	uint32_t	
[1091]	1	0x2000151C	uint32_t	
[1092]	0	0x20001520	uint32_t	
[1093]	0	0x20001524	uint32_t	
[1094]	0	0x20001528	uint32_t	
[1095]	0	0x2000152C	uint32_t	
[1096]	0	0x20001530	uint32_t	
[1097]	0	0x20001534	uint32_t	
[1098]	0	0x20001538	uint32_t	
[1099]	0	0x2000153C	uint32_t	
[1100]	0	0x20001540	uint32_t	
[1101]	1	0x20001544	uint32_t	
[1102]	0	0x20001548	uint32_t	
[1103]	0	0x2000154C	uint32_t	
[1104]	0	0x20001550	uint32_t	
[1105]	0	0x20001554	uint32_t	
[1106]	1	0x20001558	uint32_t	
[1107]	0	0x2000155C	uint32_t	
[1108]	0	0x20001560	uint32_t	
[1109]	1	0x20001564	uint32_t	
[1110]	0	0x20001568	uint32_t	
[1111]	0	0x2000156C	uint32_t	
[1112]	0	0x20001570	uint32_t	
[1113]	1	0x20001574	uint32_t	
[1114]	0	0x20001578	uint32_t	
[1115]	1	0x2000157C	uint32_t	
[1116]	0	0x20001580	uint32_t	
[1117]	0	0x20001584	uint32_t	
[1118]	0	0x20001588	uint32_t	
[1119]	0	0x2000158C	uint32_t	
[1120]	0	0x20001590	uint32_t	
[1121]	0	0x20001594	uint32_t	
[1122]	0	0x20001598	uint32_t	
[1123]	0	0x2000159C	uint32_t	
[1124]	0	0x200015A0	uint32_t	
[1125]	0	0x200015A4	uint32_t	
[1126]	0	0x200015A8	uint32_t	
[1127]	0	0x200015AC	uint32_t	
[1128]	1	0x200015B0	uint32_t	
[1129]	0	0x200015B4	uint32_t	
[1130]	0	0x200015B8	uint32_t	
[1131]	2	0x200015BC	uint32_t	
[1132]	0	0x200015C0	uint32_t	
[1133]	0	0x200015C4	uint32_t	
[1134]	0	0x200015C8	uint32_t	
[1135]	0	0x200015CC	uint32_t	
[1136]	1	0x200015D0	uint32_t	
[1137]	0	0x200015D4	uint32_t	
[1138]	0	0x200015D8	uint32_t	
[1139]	0	0x200015DC	uint32_t	
[1140]	0	0x200015E0	uint32_t	
[1141]	0	0x200015E4	uint32_t	
[1142]	0	0x200015E8	uint32_t	
[1143]	0	0x200015EC	uint32_t	
[1144]	0	0x200015F0	uint32_t	
[1145]	0	0x200015F4	uint32_t	
[1146]	0	0x200015F8	uint32_t	
[1147]	0	0x200015FC	uint32_t	
[1148]	0	0x20001600	uint32_t	
[1149]	0	0x20001604	uint32_t	
[1150]	0	0x20001608	uint32_t	
[1151]	0	0x2000160C	uint32_t	
[1152]	1	0x20001610	uint32_t	
[1153]	0	0x20001614	uint32_t	
[1154]	0	0x20001618	uint32_t	
[1155]	0	0x2000161C	uint32_t	
[1156]	0	0x20001620	uint32_t	
[1157]	0	0x20001624	uint32_t	
[1158]	0	0x20001628	uint32_t	
[1159]	0	0x2000162C	uint32_t	
[1160]	0	0x20001630	uint32_t	
[1161]	0	0x20001634	uint32_t	
[1162]	0	0x20001638	uint32_t	
[1163]	1	0x2000163C	uint32_t	
[1164]	0	0x20001640	uint32_t	
[1165]	0	0x20001644	uint32_t	
[1166]	0	0x20001648	uint32_t	
[1167]	0	0x2000164C	uint32_t	
[1168]	0	0x20001650	uint32_t	
[1169]	0	0x20001654	uint32_t	
[1170]	0	0x20001658	uint32_t	
[1171]	0	0x2000165C	uint32_t	
[1172]	2	0x20001660	uint32_t	
[1173]	0	0x20001664	uint32_t	
[1174]	0	0x20001668	uint32_t	
[1175]	0	0x2000166C	uint32_t	
[1176]	0	0x20001670	uint32_t	
[1177]	0	0x20001674	uint32_t	
[1178]	0	0x20001678	uint32_t	
[1179]	0	0x2000167C	uint32_t	
[1180]	1	0x20001680	uint32_t	
[1181]	1	0x20001684	uint32_t	
[1182]	0	0x20001688	uint32_t	
[1183]	0	0x2000168C	uint32_t	
[1184]	0	0x20001690	uint32_t	
[1185]	0	0x20001694	uint32_t	
[1186]	0	0x20001698	uint32_t	
[1187]	2	0x2000169C	uint32_t	
[1188]	1	0x200016A0	uint32_t	
[1189]	0	0x200016A4	uint32_t	
[1190]	0	0x200016A8	uint32_t	
[1191]	0	0x200016AC	uint32_t	
[1192]	0	0x200016B0	uint32_t	
[1193]	0	0x200016B4	uint32_t	
[1194]	0	0x200016B8	uint32_t	
[1195]	0	0x200016BC	uint32_t	
[1196]	0	0x200016C0	uint32_t	
[1197]	0	0x200016C4	uint32_t	
[1198]	0	0x200016C8	uint32_t	
[1199]	0	0x200016CC	uint32_t	
[1200]	0	0x200016D0	uint32_t	
[1201]	0	0x200016D4	uint32_t	
[1202]	0	0x200016D8	uint32_t	
[1203]	1	0x200016DC	uint32_t	
[1204]	0	0x200016E0	uint32_t	
[1205]	1	0x200016E4	uint32_t	
[1206]	1	0x200016E8	uint32_t	
[1207]	0	0x200016EC	uint32_t	
[1208]	0	0x200016F0	uint32_t	
[1209]	0	0x200016F4	uint32_t	
[1210]	0	0x200016F8	uint32_t	
[1211]	0	0x200016FC	uint32_t	
[1212]	0	0x20001700	uint32_t	
[1213]	2	0x20001704	uint32_t	
[1214]	0	0x20001708	uint32_t	
[1215]	0	0x2000170C	uint32_t	
[1216]	0	0x20001710	uint32_t	
[1217]	0	0x20001714	uint32_t	
[1218]	1	0x20001718	uint32_t	
[1219]	0	0x2000171C	uint32_t	
[1220]	0	0x20001720	uint32_t	
[1221]	0	0x20001724	uint32_t	
[1222]	0	0x20001728	uint32_t	
[1223]	0	0x2000172C	uint32_t	
[1224]	1	0x20001730	uint32_t	
[1225]	0	0x20001734	uint32_t	
[1226]	0	0x20001738	uint32_t	
[1227]	0	0x2000173C	uint32_t	
[1228]	0	0x20001740	uint32_t	
[1229]	1	0x20001744	uint32_t	
[1230]	0	0x20001748	uint32_t	
[1231]	0	0x2000174C	uint32_t	
[1232]	0	0x20001750	uint32_t	
[1233]	0	0x20001754	uint32_t	
[1234]	0	0x20001758	uint32_t	
[1235]	1	0x2000175C	uint32_t	
[1236]	0	0x20001760	uint32_t	
[1237]	0	0x20001764	uint32_t	
[1238]	0	0x20001768	uint32_t	
[1239]	0	0x2000176C	uint32_t	
[1240]	0	0x20001770	uint32_t	
[1241]	1	0x20001774	uint32_t	
[1242]	0	0x20001778	uint32_t	
[1243]	0	0x2000177C	uint32_t	
[1244]	0	0x20001780	uint32_t	
[1245]	0	0x20001784	uint32_t	
[1246]	1	0x20001788	uint32_t	
[1247]	0	0x2000178C	uint32_t	
[1248]	1	0x20001790	uint32_t	
[1249]	1	0x20001794	uint32_t	
[1250]	0	0x20001798	uint32_t	
[1251]	0	0x2000179C	uint32_t	
[1252]	0	0x200017A0	uint32_t	
[1253]	0	0x200017A4	uint32_t	
[1254]	0	0x200017A8	uint32_t	
[1255]	0	0x200017AC	uint32_t	
[1256]	0	0x200017B0	uint32_t	
[1257]	1	0x200017B4	uint32_t	
[1258]	0	0x200017B8	uint32_t	
[1259]	1	0x200017BC	uint32_t	
[1260]	0	0x200017C0	uint32_t	
[1261]	0	0x200017C4	uint32_t	
[1262]	0	0x200017C8	uint32_t	
[1263]	1	0x200017CC	uint32_t	
[1264]	1	0x200017D0	uint32_t	
[1265]	0	0x200017D4	uint32_t	
[1266]	0	0x200017D8	uint32_t	
[1267]	0	0x200017DC	uint32_t	
[1268]	0	0x200017E0	uint32_t	
[1269]	1	0x200017E4	uint32_t	
[1270]	0	0x200017E8	uint32_t	
[1271]	0	0x200017EC	uint32_t	
[1272]	1	0x200017F0	uint32_t	
[1273]	0	0x200017F4	uint32_t	
[1274]	0	0x200017F8	uint32_t	
[1275]	0	0x200017FC	uint32_t	
[1276]	0	0x20001800	uint32_t	
[1277]	0	0x20001804	uint32_t	
[1278]	0	0x20001808	uint32_t	
[1279]	0	0x2000180C	uint32_t	
[1280]	0	0x20001810	uint32_t	
[1281]	1	0x20001814	uint32_t	
[1282]	0	0x20001818	uint32_t	
[1283]	0	0x2000181C	uint32_t	
[1284]	0	0x20001820	uint32_t	
[1285]	0	0x20001824	uint32_t	
[1286]	0	0x20001828	uint32_t	
[1287]	0	0x2000182C	uint32_t	
[1288]	0	0x20001830	uint32_t	
[1289]	0	0x20001834	uint32_t	
[1290]	0	0x20001838	uint32_t	
[1291]	0	0x2000183C	uint32_t	
[1292]	0	0x20001840	uint32_t	
[1293]	0	0x20001844	uint32_t	
[1294]	0	0x20001848	uint32_t	
[1295]	0	0x2000184C	uint32_t	
[1296]	0	0x20001850	uint32_t	
[1297]	0	0x20001854	uint32_t	
[1298]	1	0x20001858	uint32_t	
[1299]	0	0x2000185C	uint32_t	
[1300]	0	0x20001860	uint32_t	
[1301]	0	0x20001864	uint32_t	
[1302]	1	0x20001868	uint32_t	
[1303]	0	0x2000186C	uint32_t	
[1304]	2	0x20001870	uint32_t	
[1305]	0	0x20001874	uint32_t	
[1306]	0	0x20001878	uint32_t	
[1307]	0	0x2000187C	uint32_t	
[1308]	1	0x20001880	uint32_t	
[1309]	0	0x20001884	uint32_t	
[1310]	0	0x20001888	uint32_t	
[1311]	0	0x2000188C	uint32_t	
[1312]	0	0x20001890	uint32_t	
[1313]	0	0x20001894	uint32_t	
[1314]	0	0x20001898	uint32_t	
[1315]	0	0x2000189C	uint32_t	
[1316]	0	0x200018A0	uint32_t	
[1317]	0	0x200018A4	uint32_t	
[1318]	0	0x200018A8	uint32_t	
[1319]	0	0x200018AC	uint32_t	
[1320]	1	0x200018B0	uint32_t	
[1321]	1	0x200018B4	uint32_t	
[1322]	1	0x200018B8	uint32_t	
[1323]	1	0x200018BC	uint32_t	
[1324]	0	0x200018C0	uint32_t	
[1325]	0	0x200018C4	uint32_t	
[1326]	1	0x200018C8	uint32_t	
[1327]	0	0x200018CC	uint32_t	
[1328]	0	0x200018D0	uint32_t	
[1329]	0	0x200018D4	uint32_t	
[1330]	0	0x200018D8	uint32_t	
[1331]	1	0x200018DC	uint32_t	
[1332]	0	0x200018E0	uint32_t	
[1333]	0	0x200018E4	uint32_t	
[1334]	0	0x200018E8	uint32_t	
[1335]	0	0x200018EC	uint32_t	
[1336]	1	0x200018F0	uint32_t	
[1337]	0	0x200018F4	uint32_t	
[1338]	1	0x200018F8	uint32_t	
[1339]	0	0x200018FC	uint32_t	
[1340]	0	0x20001900	uint32_t	
[1341]	0	0x20001904	uint32_t	
[1342]	0	0x20001908	uint32_t	
[1343]	0	0x2000190C	uint32_t	
[1344]	0	0x20001910	uint32_t	
[1345]	0	0x20001914	uint32_t	
[1346]	1	0x20001918	uint32_t	
[1347]	0	0x2000191C	uint32_t	
[1348]	0	0x20001920	uint32_t	
[1349]	1	0x20001924	uint32_t	
[1350]	0	0x20001928	uint32_t	
[1351]	1	0x2000192C	uint32_t	
[1352]	0	0x20001930	uint32_t	
[1353]	0	0x20001934	uint32_t	
[1354]	0	0x20001938	uint32_t	
[1355]	0	0x2000193C	uint32_t	
[1356]	0	0x20001940	uint32_t	
[1357]	0	0x20001944	uint32_t	
[1358]	0	0x20001948	uint32_t	
[1359]	1	0x2000194C	uint32_t	
[1360]	0	0x20001950	uint32_t	
[1361]	0	0x20001954	uint32_t	
[1362]	0	0x20001958	uint32_t	
[1363]	0	0x2000195C	uint32_t	
[1364]	0	0x20001960	uint32_t	
[1365]	0	0x20001964	uint32_t	
[1366]	0	0x20001968	uint32_t	
[1367]	0	0x2000196C	uint32_t	
[1368]	0	0x20001970	uint32_t	
[1369]	1	0x20001974	uint32_t	
[1370]	0	0x20001978	uint32_t	
[1371]	0	0x2000197C	uint32_t	
[1372]	0	0x20001980	uint32_t	
[1373]	0	0x20001984	uint32_t	
[1374]	1	0x20001988	uint32_t	
[1375]	0	0x2000198C	uint32_t	
[1376]	0	0x20001990	uint32_t	
[1377]	0	0x20001994	uint32_t	
[1378]	0	0x20001998	uint32_t	
[1379]	0	0x2000199C	uint32_t	
[1380]	0	0x200019A0	uint32_t	
[1381]	0	0x200019A4	uint32_t	
[1382]	0	0x200019A8	uint32_t	
[1383]	0	0x200019AC	uint32_t	
[1384]	0	0x200019B0	uint32_t	
[1385]	0	0x200019B4	uint32_t	
[1386]	1	0x200019B8	uint32_t	
[1387]	0	0x200019BC	uint32_t	
[1388]	0	0x200019C0	uint32_t	
[1389]	0	0x200019C4	uint32_t	
[1390]	0	0x200019C8	uint32_t	
[1391]	0	0x200019CC	uint32_t	
[1392]	0	0x200019D0	uint32_t	
[1393]	0	0x200019D4	uint32_t	
[1394]	0	0x200019D8	uint32_t	
[1395]	0	0x200019DC	uint32_t	
[1396]	0	0x200019E0	uint32_t	
[1397]	0	0x200019E4	uint32_t	
[1398]	1	0x200019E8	uint32_t	
[1399]	0	0x200019EC	uint32_t	
[1400]	0	0x200019F0	uint32_t	
[1401]	0	0x200019F4	uint32_t	
[1402]	0	0x200019F8	uint32_t	
[1403]	0	0x200019FC	uint32_t	
[1404]	0	0x20001A00	uint32_t	
[1405]	0	0x20001A04	uint32_t	
[1406]	0	0x20001A08	uint32_t	
[1407]	0	0x20001A0C	uint32_t	
[1408]	1	0x20001A10	uint32_t	
[1409]	1	0x20001A14	uint32_t	
[1410]	0	0x20001A18	uint32_t	
[1411]	0	0x20001A1C	uint32_t	
[1412]	0	0x20001A20	uint32_t	
[1413]	0	0x20001A24	uint32_t	
[1414]	1	0x20001A28	uint32_t	
[1415]	0	0x20001A2C	uint32_t	
[1416]	1	0x20001A30	uint32_t	
[1417]	1	0x20001A34	uint32_t	
[1418]	0	0x20001A38	uint32_t	
[1419]	0	0x20001A3C	uint32_t	
[1420]	0	0x20001A40	uint32_t	
[1421]	1	0x20001A44	uint32_t	
[1422]	0	0x20001A48	uint32_t	
[1423]	1	0x20001A4C	uint32_t	
[1424]	0	0x20001A50	uint32_t	
[1425]	0	0x20001A54	uint32_t	
[1426]	0	0x20001A58	uint32_t	
[1427]	0	0x20001A5C	uint32_t	
[1428]	3	0x20001A60	uint32_t	
[1429]	0	0x20001A64	uint32_t	
[1430]	1	0x20001A68	uint32_t	
[1431]	0	0x20001A6C	uint32_t	
[1432]	0	0x20001A70	uint32_t	
[1433]	0	0x20001A74	uint32_t	
[1434]	0	0x20001A78	uint32_t	
[1435]	0	0x20001A7C	uint32_t	
[1436]	1	0x20001A80	uint32_t	
[1437]	0	0x20001A84	uint32_t	
[1438]	0	0x20001A88	uint32_t	
[1439]	0	0x20001A8C	uint32_t	
[1440]	0	0x20001A90	uint32_t	
[1441]	0	0x20001A94	uint32_t	
[1442]	1	0x20001A98	uint32_t	
[1443]	0	0x20001A9C	uint32_t	
[1444]	0	0x20001AA0	uint32_t	
[1445]	0	0x20001AA4	uint32_t	
[1446]	1	0x20001AA8	uint32_t	
[1447]	0	0x20001AAC	uint32_t	
[1448]	0	0x20001AB0	uint32_t	
[1449]	0	0x20001AB4	uint32_t	
[1450]	0	0x20001AB8	uint32_t	
[1451]	0	0x20001ABC	uint32_t	
[1452]	0	0x20001AC0	uint32_t	
[1453]	0	0x20001AC4	uint32_t	
[1454]	0	0x20001AC8	uint32_t	
[1455]	1	0x20001ACC	uint32_t	
[1456]	1	0x20001AD0	uint32_t	
[1457]	1	0x20001AD4	uint32_t	
[1458]	1	0x20001AD8	uint32_t	
[1459]	0	0x20001ADC	uint32_t	
[1460]	0	0x20001AE0	uint32_t	
[1461]	0	0x20001AE4	uint32_t	
[1462]	0	0x20001AE8	uint32_t	
[1463]	0	0x20001AEC	uint32_t	
[1464]	0	0x20001AF0	uint32_t	
[1465]	0	0x20001AF4	uint32_t	
[1466]	0	0x20001AF8	uint32_t	
[1467]	0	0x20001AFC	uint32_t	
[1468]	0	0x20001B00	uint32_t	
[1469]	0	0x20001B04	uint32_t	
[1470]	0	0x20001B08	uint32_t	
[1471]	0	0x20001B0C	uint32_t	
[1472]	0	0x20001B10	uint32_t	
[1473]	0	0x20001B14	uint32_t	
[1474]	0	0x20001B18	uint32_t	
[1475]	0	0x20001B1C	uint32_t	
[1476]	0	0x20001B20	uint32_t	
[1477]	0	0x20001B24	uint32_t	
[1478]	0	0x20001B28	uint32_t	
[1479]	1	0x20001B2C	uint32_t	
[1480]	1	0x20001B30	uint32_t	
[1481]	0	0x20001B34	uint32_t	
[1482]	1	0x20001B38	uint32_t	
[1483]	0	0x20001B3C	uint32_t	
[1484]	0	0x20001B40	uint32_t	
[1485]	2	0x20001B44	uint32_t	
[1486]	0	0x20001B48	uint32_t	
[1487]	0	0x20001B4C	uint32_t	
[1488]	0	0x20001B50	uint32_t	
[1489]	0	0x20001B54	uint32_t	
[1490]	0	0x20001B58	uint32_t	
[1491]	0	0x20001B5C	uint32_t	
[1492]	0	0x20001B60	uint32_t	
[1493]	0	0x20001B64	uint32_t	
[1494]	0	0x20001B68	uint32_t	
[1495]	0	0x20001B6C	uint32_t	
[1496]	0	0x20001B70	uint32_t	
[1497]	0	0x20001B74	uint32_t	
[1498]	0	0x20001B78	uint32_t	
[1499]	0	0x20001B7C	uint32_t	
[1500]	0	0x20001B80	uint32_t	
[1501]	0	0x20001B84	uint32_t	
[1502]	0	0x20001B88	uint32_t	
[1503]	0	0x20001B8C	uint32_t	
[1504]	0	0x20001B90	uint32_t	
[1505]	1	0x20001B94	uint32_t	
[1506]	1	0x20001B98	uint32_t	
[1507]	0	0x20001B9C	uint32_t	
[1508]	0	0x20001BA0	uint32_t	
[1509]	0	0x20001BA4	uint32_t	
[1510]	1	0x20001BA8	uint32_t	
[1511]	1	0x20001BAC	uint32_t	
[1512]	0	0x20001BB0	uint32_t	
[1513]	0	0x20001BB4	uint32_t	
[1514]	1	0x20001BB8	uint32_t	
[1515]	0	0x20001BBC	uint32_t	
[1516]	0	0x20001BC0	uint32_t	
[1517]	0	0x20001BC4	uint32_t	
[1518]	3	0x20001BC8	uint32_t	
[1519]	0	0x20001BCC	uint32_t	
[1520]	0	0x20001BD0	uint32_t	
[1521]	1	0x20001BD4	uint32_t	
[1522]	0	0x20001BD8	uint32_t	
[1523]	0	0x20001BDC	uint32_t	
[1524]	1	0x20001BE0	uint32_t	
[1525]	0	0x20001BE4	uint32_t	
[1526]	1	0x20001BE8	uint32_t	
[1527]	0	0x20001BEC	uint32_t	
[1528]	1	0x20001BF0	uint32_t	
[1529]	0	0x20001BF4	uint32_t	
[1530]	0	0x20001BF8	uint32_t	
[1531]	1	0x20001BFC	uint32_t	
[1532]	0	0x20001C00	uint32_t	
[1533]	0	0x20001C04	uint32_t	
[1534]	0	0x20001C08	uint32_t	
[1535]	0	0x20001C0C	uint32_t	
[1536]	0	0x20001C10	uint32_t	
[1537]	0	0x20001C14	uint32_t	
[1538]	0	0x20001C18	uint32_t	
[1539]	0	0x20001C1C	uint32_t	
[1540]	0	0x20001C20	uint32_t	
[1541]	0	0x20001C24	uint32_t	
[1542]	0	0x20001C28	uint32_t	
[1543]	1	0x20001C2C	uint32_t	
[1544]	0	0x20001C30	uint32_t	
[1545]	0	0x20001C34	uint32_t	
[1546]	0	0x20001C38	uint32_t	
[1547]	1	0x20001C3C	uint32_t	
[1548]	0	0x20001C40	uint32_t	
[1549]	0	0x20001C44	uint32_t	
[1550]	0	0x20001C48	uint32_t	
[1551]	0	0x20001C4C	uint32_t	
[1552]	0	0x20001C50	uint32_t	
[1553]	0	0x20001C54	uint32_t	
[1554]	0	0x20001C58	uint32_t	
[1555]	0	0x20001C5C	uint32_t	
[1556]	1	0x20001C60	uint32_t	
[1557]	0	0x20001C64	uint32_t	
[1558]	0	0x20001C68	uint32_t	
[1559]	1	0x20001C6C	uint32_t	
[1560]	0	0x20001C70	uint32_t	
[1561]	0	0x20001C74	uint32_t	
[1562]	0	0x20001C78	uint32_t	
[1563]	0	0x20001C7C	uint32_t	
[1564]	0	0x20001C80	uint32_t	
[1565]	0	0x20001C84	uint32_t	
[1566]	0	0x20001C88	uint32_t	
[1567]	0	0x20001C8C	uint32_t	
[1568]	2	0x20001C90	uint32_t	
[1569]	1	0x20001C94	uint32_t	
[1570]	0	0x20001C98	uint32_t	
[1571]	2	0x20001C9C	uint32_t	
[1572]	2	0x20001CA0	uint32_t	
[1573]	0	0x20001CA4	uint32_t	
[1574]	0	0x20001CA8	uint32_t	
[1575]	0	0x20001CAC	uint32_t	
[1576]	0	0x20001CB0	uint32_t	
[1577]	1	0x20001CB4	uint32_t	
[1578]	1	0x20001CB8	uint32_t	
[1579]	0	0x20001CBC	uint32_t	
[1580]	0	0x20001CC0	uint32_t	
[1581]	0	0x20001CC4	uint32_t	
[1582]	1	0x20001CC8	uint32_t	
[1583]	0	0x20001CCC	uint32_t	
[1584]	0	0x20001CD0	uint32_t	
[1585]	0	0x20001CD4	uint32_t	
[1586]	1	0x20001CD8	uint32_t	
[1587]	0	0x20001CDC	uint32_t	
[1588]	0	0x20001CE0	uint32_t	
[1589]	0	0x20001CE4	uint32_t	
[1590]	0	0x20001CE8	uint32_t	
[1591]	1	0x20001CEC	uint32_t	
[1592]	0	0x20001CF0	uint32_t	
[1593]	0	0x20001CF4	uint32_t	
[1594]	0	0x20001CF8	uint32_t	
[1595]	0	0x20001CFC	uint32_t	
[1596]	0	0x20001D00	uint32_t	
[1597]	1	0x20001D04	uint32_t	
[1598]	0	0x20001D08	uint32_t	
[1599]	1	0x20001D0C	uint32_t	
[1600]	1	0x20001D10	uint32_t	
[1601]	0	0x20001D14	uint32_t	
[1602]	1	0x20001D18	uint32_t	
[1603]	1	0x20001D1C	uint32_t	
[1604]	0	0x20001D20	uint32_t	
[1605]	0	0x20001D24	uint32_t	
[1606]	0	0x20001D28	uint32_t	
[1607]	0	0x20001D2C	uint32_t	
[1608]	0	0x20001D30	uint32_t	
[1609]	1	0x20001D34	uint32_t	
[1610]	0	0x20001D38	uint32_t	
[1611]	1	0x20001D3C	uint32_t	
[1612]	0	0x20001D40	uint32_t	
[1613]	0	0x20001D44	uint32_t	
[1614]	0	0x20001D48	uint32_t	
[1615]	0	0x20001D4C	uint32_t	
[1616]	0	0x20001D50	uint32_t	
[1617]	0	0x20001D54	uint32_t	
[1618]	0	0x20001D58	uint32_t	
[1619]	1	0x20001D5C	uint32_t	
[1620]	0	0x20001D60	uint32_t	
[1621]	0	0x20001D64	uint32_t	
[1622]	0	0x20001D68	uint32_t	
[1623]	0	0x20001D6C	uint32_t	
[1624]	0	0x20001D70	uint32_t	
[1625]	1	0x20001D74	uint32_t	
[1626]	0	0x20001D78	uint32_t	
[1627]	0	0x20001D7C	uint32_t	
[1628]	0	0x20001D80	uint32_t	
[1629]	1	0x20001D84	uint32_t	
[1630]	0	0x20001D88	uint32_t	
[1631]	0	0x20001D8C	uint32_t	
[1632]	1	0x20001D90	uint32_t	
[1633]	1	0x20001D94	uint32_t	
[1634]	0	0x20001D98	uint32_t	
[1635]	1	0x20001D9C	uint32_t	
[1636]	0	0x20001DA0	uint32_t	
[1637]	1	0x20001DA4	uint32_t	
[1638]	0	0x20001DA8	uint32_t	
[1639]	2	0x20001DAC	uint32_t	
[1640]	0	0x20001DB0	uint32_t	
[1641]	0	0x20001DB4	uint32_t	
[1642]	0	0x20001DB8	uint32_t	
[1643]	0	0x20001DBC	uint32_t	
[1644]	0	0x20001DC0	uint32_t	
[1645]	0	0x20001DC4	uint32_t	
[1646]	0	0x20001DC8	uint32_t	
[1647]	0	0x20001DCC	uint32_t	
[1648]	0	0x20001DD0	uint32_t	
[1649]	1	0x20001DD4	uint32_t	
[1650]	0	0x20001DD8	uint32_t	
[1651]	0	0x20001DDC	uint32_t	
[1652]	0	0x20001DE0	uint32_t	
[1653]	0	0x20001DE4	uint32_t	
[1654]	0	0x20001DE8	uint32_t	
[1655]	0	0x20001DEC	uint32_t	
[1656]	0	0x20001DF0	uint32_t	
[1657]	0	0x20001DF4	uint32_t	
[1658]	0	0x20001DF8	uint32_t	
[1659]	0	0x20001DFC	uint32_t	
[1660]	0	0x20001E00	uint32_t	
[1661]	0	0x20001E04	uint32_t	
[1662]	0	0x20001E08	uint32_t	
[1663]	0	0x20001E0C	uint32_t	
[1664]	0	0x20001E10	uint32_t	
[1665]	0	0x20001E14	uint32_t	
[1666]	0	0x20001E18	uint32_t	
[1667]	0	0x20001E1C	uint32_t	
[1668]	0	0x20001E20	uint32_t	
[1669]	0	0x20001E24	uint32_t	
[1670]	0	0x20001E28	uint32_t	
[1671]	1	0x20001E2C	uint32_t	
[1672]	0	0x20001E30	uint32_t	
[1673]	0	0x20001E34	uint32_t	
[1674]	0	0x20001E38	uint32_t	
[1675]	0	0x20001E3C	uint32_t	
[1676]	1	0x20001E40	uint32_t	
[1677]	0	0x20001E44	uint32_t	
[1678]	0	0x20001E48	uint32_t	
[1679]	0	0x20001E4C	uint32_t	
[1680]	0	0x20001E50	uint32_t	
[1681]	0	0x20001E54	uint32_t	
[1682]	1	0x20001E58	uint32_t	
[1683]	0	0x20001E5C	uint32_t	
[1684]	0	0x20001E60	uint32_t	
[1685]	0	0x20001E64	uint32_t	
[1686]	1	0x20001E68	uint32_t	
[1687]	0	0x20001E6C	uint32_t	
[1688]	2	0x20001E70	uint32_t	
[1689]	0	0x20001E74	uint32_t	
[1690]	0	0x20001E78	uint32_t	
[1691]	2	0x20001E7C	uint32_t	
[1692]	0	0x20001E80	uint32_t	
[1693]	1	0x20001E84	uint32_t	
[1694]	0	0x20001E88	uint32_t	
[1695]	1	0x20001E8C	uint32_t	
[1696]	0	0x20001E90	uint32_t	
[1697]	0	0x20001E94	uint32_t	
[1698]	1	0x20001E98	uint32_t	
[1699]	0	0x20001E9C	uint32_t	
[1700]	1	0x20001EA0	uint32_t	
[1701]	1	0x20001EA4	uint32_t	
[1702]	0	0x20001EA8	uint32_t	
[1703]	0	0x20001EAC	uint32_t	
[1704]	0	0x20001EB0	uint32_t	
[1705]	0	0x20001EB4	uint32_t	
[1706]	2	0x20001EB8	uint32_t	
[1707]	0	0x20001EBC	uint32_t	
[1708]	0	0x20001EC0	uint32_t	
[1709]	1	0x20001EC4	uint32_t	
[1710]	0	0x20001EC8	uint32_t	
[1711]	0	0x20001ECC	uint32_t	
[1712]	0	0x20001ED0	uint32_t	
[1713]	0	0x20001ED4	uint32_t	
[1714]	0	0x20001ED8	uint32_t	
[1715]	0	0x20001EDC	uint32_t	
[1716]	0	0x20001EE0	uint32_t	
[1717]	0	0x20001EE4	uint32_t	
[1718]	1	0x20001EE8	uint32_t	
[1719]	0	0x20001EEC	uint32_t	
[1720]	0	0x20001EF0	uint32_t	
[1721]	0	0x20001EF4	uint32_t	
[1722]	1	0x20001EF8	uint32_t	
[1723]	0	0x20001EFC	uint32_t	
[1724]	0	0x20001F00	uint32_t	
[1725]	0	0x20001F04	uint32_t	
[1726]	1	0x20001F08	uint32_t	
[1727]	0	0x20001F0C	uint32_t	
[1728]	0	0x20001F10	uint32_t	
[1729]	0	0x20001F14	uint32_t	
[1730]	0	0x20001F18	uint32_t	
[1731]	1	0x20001F1C	uint32_t	
[1732]	0	0x20001F20	uint32_t	
[1733]	0	0x20001F24	uint32_t	
[1734]	1	0x20001F28	uint32_t	
[1735]	0	0x20001F2C	uint32_t	
[1736]	0	0x20001F30	uint32_t	
[1737]	0	0x20001F34	uint32_t	
[1738]	0	0x20001F38	uint32_t	
[1739]	0	0x20001F3C	uint32_t	
[1740]	1	0x20001F40	uint32_t	
[1741]	0	0x20001F44	uint32_t	
[1742]	1	0x20001F48	uint32_t	
[1743]	0	0x20001F4C	uint32_t	
[1744]	0	0x20001F50	uint32_t	
[1745]	0	0x20001F54	uint32_t	
[1746]	0	0x20001F58	uint32_t	
[1747]	0	0x20001F5C	uint32_t	
[1748]	0	0x20001F60	uint32_t	
[1749]	1	0x20001F64	uint32_t	
[1750]	0	0x20001F68	uint32_t	
[1751]	0	0x20001F6C	uint32_t	
[1752]	0	0x20001F70	uint32_t	
[1753]	1	0x20001F74	uint32_t	
[1754]	0	0x20001F78	uint32_t	
[1755]	0	0x20001F7C	uint32_t	
[1756]	0	0x20001F80	uint32_t	
[1757]	1	0x20001F84	uint32_t	
[1758]	0	0x20001F88	uint32_t	
[1759]	0	0x20001F8C	uint32_t	
[1760]	1	0x20001F90	uint32_t	
[1761]	0	0x20001F94	uint32_t	
[1762]	1	0x20001F98	uint32_t	
[1763]	0	0x20001F9C	uint32_t	
[1764]	1	0x20001FA0	uint32_t	
[1765]	0	0x20001FA4	uint32_t	
[1766]	0	0x20001FA8	uint32_t	
[1767]	1	0x20001FAC	uint32_t	
[1768]	0	0x20001FB0	uint32_t	
[1769]	0	0x20001FB4	uint32_t	
[1770]	0	0x20001FB8	uint32_t	
[1771]	0	0x20001FBC	uint32_t	
[1772]	1	0x20001FC0	uint32_t	
[1773]	0	0x20001FC4	uint32_t	
[1774]	0	0x20001FC8	uint32_t	
[1775]	0	0x20001FCC	uint32_t	
[1776]	2	0x20001FD0	uint32_t	
[1777]	0	0x20001FD4	uint32_t	
[1778]	0	0x20001FD8	uint32_t	
[1779]	0	0x20001FDC	uint32_t	
[1780]	0	0x20001FE0	uint32_t	
[1781]	0	0x20001FE4	uint32_t	
[1782]	1	0x20001FE8	uint32_t	
[1783]	0	0x20001FEC	uint32_t	
[1784]	0	0x20001FF0	uint32_t	
[1785]	0	0x20001FF4	uint32_t	
[1786]	1	0x20001FF8	uint32_t	
[1787]	0	0x20001FFC	uint32_t	
[1788]	0	0x20002000	uint32_t	
[1789]	0	0x20002004	uint32_t	
[1790]	0	0x20002008	uint32_t	
[1791]	1	0x2000200C	uint32_t	
[1792]	0	0x20002010	uint32_t	
[1793]	1	0x20002014	uint32_t	
[1794]	0	0x20002018	uint32_t	
[1795]	0	0x2000201C	uint32_t	
[1796]	0	0x20002020	uint32_t	
[1797]	1	0x20002024	uint32_t	
[1798]	0	0x20002028	uint32_t	
[1799]	0	0x2000202C	uint32_t	
[1800]	2	0x20002030	uint32_t	
[1801]	1	0x20002034	uint32_t	
[1802]	0	0x20002038	uint32_t	
[1803]	0	0x2000203C	uint32_t	
[1804]	0	0x20002040	uint32_t	
[1805]	0	0x20002044	uint32_t	
[1806]	0	0x20002048	uint32_t	
[1807]	1	0x2000204C	uint32_t	
[1808]	0	0x20002050	uint32_t	
[1809]	1	0x20002054	uint32_t	
[1810]	0	0x20002058	uint32_t	
[1811]	1	0x2000205C	uint32_t	
[1812]	0	0x20002060	uint32_t	
[1813]	0	0x20002064	uint32_t	
[1814]	0	0x20002068	uint32_t	
[1815]	0	0x2000206C	uint32_t	
[1816]	0	0x20002070	uint32_t	
[1817]	0	0x20002074	uint32_t	
[1818]	0	0x20002078	uint32_t	
[1819]	1	0x2000207C	uint32_t	
[1820]	0	0x20002080	uint32_t	
[1821]	0	0x20002084	uint32_t	
[1822]	0	0x20002088	uint32_t	
[1823]	0	0x2000208C	uint32_t	
[1824]	0	0x20002090	uint32_t	
[1825]	0	0x20002094	uint32_t	
[1826]	0	0x20002098	uint32_t	
[1827]	1	0x2000209C	uint32_t	
[1828]	0	0x200020A0	uint32_t	
[1829]	0	0x200020A4	uint32_t	
[1830]	0	0x200020A8	uint32_t	
[1831]	0	0x200020AC	uint32_t	
[1832]	0	0x200020B0	uint32_t	
[1833]	0	0x200020B4	uint32_t	
[1834]	0	0x200020B8	uint32_t	
[1835]	0	0x200020BC	uint32_t	
[1836]	0	0x200020C0	uint32_t	
[1837]	0	0x200020C4	uint32_t	
[1838]	0	0x200020C8	uint32_t	
[1839]	0	0x200020CC	uint32_t	
[1840]	0	0x200020D0	uint32_t	
[1841]	0	0x200020D4	uint32_t	
[1842]	0	0x200020D8	uint32_t	
[1843]	0	0x200020DC	uint32_t	
[1844]	0	0x200020E0	uint32_t	
[1845]	0	0x200020E4	uint32_t	
[1846]	0	0x200020E8	uint32_t	
[1847]	0	0x200020EC	uint32_t	
[1848]	0	0x200020F0	uint32_t	
[1849]	0	0x200020F4	uint32_t	
[1850]	1	0x200020F8	uint32_t	
[1851]	0	0x200020FC	uint32_t	
[1852]	0	0x20002100	uint32_t	
[1853]	0	0x20002104	uint32_t	
[1854]	0	0x20002108	uint32_t	
[1855]	0	0x2000210C	uint32_t	
[1856]	0	0x20002110	uint32_t	
[1857]	0	0x20002114	uint32_t	
[1858]	0	0x20002118	uint32_t	
[1859]	0	0x2000211C	uint32_t	
[1860]	0	0x20002120	uint32_t	
[1861]	0	0x20002124	uint32_t	
[1862]	1	0x20002128	uint32_t	
[1863]	1	0x2000212C	uint32_t	
[1864]	0	0x20002130	uint32_t	
[1865]	0	0x20002134	uint32_t	
[1866]	0	0x20002138	uint32_t	
[1867]	0	0x2000213C	uint32_t	
[1868]	0	0x20002140	uint32_t	
[1869]	0	0x20002144	uint32_t	
[1870]	0	0x20002148	uint32_t	
[1871]	0	0x2000214C	uint32_t	
[1872]	0	0x20002150	uint32_t	
[1873]	0	0x20002154	uint32_t	
[1874]	0	0x20002158	uint32_t	
[1875]	0	0x2000215C	uint32_t	
[1876]	0	0x20002160	uint32_t	
[1877]	0	0x20002164	uint32_t	
[1878]	0	0x20002168	uint32_t	
[1879]	0	0x2000216C	uint32_t	
[1880]	1	0x20002170	uint32_t	
[1881]	0	0x20002174	uint32_t	
[1882]	0	0x20002178	uint32_t	
[1883]	0	0x2000217C	uint32_t	
[1884]	0	0x20002180	uint32_t	
[1885]	0	0x20002184	uint32_t	
[1886]	0	0x20002188	uint32_t	
[1887]	0	0x2000218C	uint32_t	
[1888]	0	0x20002190	uint32_t	
[1889]	0	0x20002194	uint32_t	
[1890]	0	0x20002198	uint32_t	
[1891]	0	0x2000219C	uint32_t	
[1892]	1	0x200021A0	uint32_t	
[1893]	0	0x200021A4	uint32_t	
[1894]	0	0x200021A8	uint32_t	
[1895]	0	0x200021AC	uint32_t	
[1896]	0	0x200021B0	uint32_t	
[1897]	0	0x200021B4	uint32_t	
[1898]	0	0x200021B8	uint32_t	
[1899]	0	0x200021BC	uint32_t	
[1900]	0	0x200021C0	uint32_t	
[1901]	0	0x200021C4	uint32_t	
[1902]	1	0x200021C8	uint32_t	
[1903]	0	0x200021CC	uint32_t	
[1904]	0	0x200021D0	uint32_t	
[1905]	1	0x200021D4	uint32_t	
[1906]	0	0x200021D8	uint32_t	
[1907]	0	0x200021DC	uint32_t	
[1908]	0	0x200021E0	uint32_t	
[1909]	1	0x200021E4	uint32_t	
[1910]	0	0x200021E8	uint32_t	
[1911]	0	0x200021EC	uint32_t	
[1912]	0	0x200021F0	uint32_t	
[1913]	0	0x200021F4	uint32_t	
[1914]	0	0x200021F8	uint32_t	
[1915]	0	0x200021FC	uint32_t	
[1916]	0	0x20002200	uint32_t	
[1917]	1	0x20002204	uint32_t	
[1918]	0	0x20002208	uint32_t	
[1919]	0	0x2000220C	uint32_t	
[1920]	0	0x20002210	uint32_t	
[1921]	0	0x20002214	uint32_t	
[1922]	1	0x20002218	uint32_t	
[1923]	0	0x2000221C	uint32_t	
[1924]	0	0x20002220	uint32_t	
[1925]	0	0x20002224	uint32_t	
[1926]	1	0x20002228	uint32_t	
[1927]	0	0x2000222C	uint32_t	
[1928]	0	0x20002230	uint32_t	
[1929]	0	0x20002234	uint32_t	
[1930]	0	0x20002238	uint32_t	
[1931]	0	0x2000223C	uint32_t	
[1932]	0	0x20002240	uint32_t	
[1933]	1	0x20002244	uint32_t	
[1934]	0	0x20002248	uint32_t	
[1935]	0	0x2000224C	uint32_t	
[1936]	0	0x20002250	uint32_t	
[1937]	0	0x20002254	uint32_t	
[1938]	0	0x20002258	uint32_t	
[1939]	0	0x2000225C	uint32_t	
[1940]	0	0x20002260	uint32_t	
[1941]	0	0x20002264	uint32_t	
[1942]	0	0x20002268	uint32_t	
[1943]	0	0x2000226C	uint32_t	
[1944]	0	0x20002270	uint32_t	
[1945]	0	0x20002274	uint32_t	
[1946]	0	0x20002278	uint32_t	
[1947]	0	0x2000227C	uint32_t	
[1948]	0	0x20002280	uint32_t	
[1949]	0	0x20002284	uint32_t	
[1950]	0	0x20002288	uint32_t	
[1951]	0	0x2000228C	uint32_t	
[1952]	1	0x20002290	uint32_t	
[1953]	0	0x20002294	uint32_t	
[1954]	0	0x20002298	uint32_t	
[1955]	0	0x2000229C	uint32_t	
[1956]	0	0x200022A0	uint32_t	
[1957]	0	0x200022A4	uint32_t	
[1958]	0	0x200022A8	uint32_t	
[1959]	0	0x200022AC	uint32_t	
[1960]	0	0x200022B0	uint32_t	
[1961]	0	0x200022B4	uint32_t	
[1962]	0	0x200022B8	uint32_t	
[1963]	0	0x200022BC	uint32_t	
[1964]	0	0x200022C0	uint32_t	
[1965]	0	0x200022C4	uint32_t	
[1966]	0	0x200022C8	uint32_t	
[1967]	0	0x200022CC	uint32_t	
[1968]	0	0x200022D0	uint32_t	
[1969]	1	0x200022D4	uint32_t	
[1970]	0	0x200022D8	uint32_t	
[1971]	0	0x200022DC	uint32_t	
[1972]	0	0x200022E0	uint32_t	
[1973]	0	0x200022E4	uint32_t	
[1974]	0	0x200022E8	uint32_t	
[1975]	0	0x200022EC	uint32_t	
[1976]	0	0x200022F0	uint32_t	
[1977]	0	0x200022F4	uint32_t	
[1978]	0	0x200022F8	uint32_t	
[1979]	0	0x200022FC	uint32_t	
[1980]	1	0x20002300	uint32_t	
[1981]	0	0x20002304	uint32_t	
[1982]	0	0x20002308	uint32_t	
[1983]	0	0x2000230C	uint32_t	
[1984]	0	0x20002310	uint32_t	
[1985]	0	0x20002314	uint32_t	
[1986]	0	0x20002318	uint32_t	
[1987]	0	0x2000231C	uint32_t	
[1988]	0	0x20002320	uint32_t	
[1989]	0	0x20002324	uint32_t	
[1990]	0	0x20002328	uint32_t	
[1991]	1	0x2000232C	uint32_t	
[1992]	0	0x20002330	uint32_t	
[1993]	0	0x20002334	uint32_t	
[1994]	0	0x20002338	uint32_t	
[1995]	0	0x2000233C	uint32_t	
[1996]	0	0x20002340	uint32_t	
[1997]	0	0x20002344	uint32_t	
[1998]	0	0x20002348	uint32_t	
[1999]	0	0x2000234C	uint32_t	
[2000]	0	0x20002350	uint32_t	
[2001]	0	0x20002354	uint32_t	
[2002]	0	0x20002358	uint32_t	
[2003]	0	0x2000235C	uint32_t	
[2004]	0	0x20002360	uint32_t	
[2005]	0	0x20002364	uint32_t	
[2006]	0	0x20002368	uint32_t	
[2007]	0	0x2000236C	uint32_t	
[2008]	0	0x20002370	uint32_t	
[2009]	0	0x20002374	uint32_t	
[2010]	0	0x20002378	uint32_t	
[2011]	0	0x2000237C	uint32_t	
[2012]	1	0x20002380	uint32_t	
[2013]	0	0x20002384	uint32_t	
[2014]	0	0x20002388	uint32_t	
[2015]	0	0x2000238C	uint32_t	
[2016]	0	0x20002390	uint32_t	
[2017]	0	0x20002394	uint32_t	
[2018]	0	0x20002398	uint32_t	
[2019]	0	0x2000239C	uint32_t	
[2020]	0	0x200023A0	uint32_t	
[2021]	0	0x200023A4	uint32_t	
[2022]	0	0x200023A8	uint32_t	
[2023]	1	0x200023AC	uint32_t	
[2024]	0	0x200023B0	uint32_t	
[2025]	0	0x200023B4	uint32_t	
[2026]	0	0x200023B8	uint32_t	
[2027]	0	0x200023BC	uint32_t	
[2028]	0	0x200023C0	uint32_t	
[2029]	0	0x200023C4	uint32_t	
[2030]	1	0x200023C8	uint32_t	
[2031]	0	0x200023CC	uint32_t	
[2032]	0	0x200023D0	uint32_t	
[2033]	0	0x200023D4	uint32_t	
[2034]	0	0x200023D8	uint32_t	
[2035]	0	0x200023DC	uint32_t	
[2036]	0	0x200023E0	uint32_t	
[2037]	0	0x200023E4	uint32_t	
[2038]	0	0x200023E8	uint32_t	
[2039]	0	0x200023EC	uint32_t	
[2040]	0	0x200023F0	uint32_t	
[2041]	0	0x200023F4	uint32_t	
[2042]	1	0x200023F8	uint32_t	
[2043]	0	0x200023FC	uint32_t	
[2044]	0	0x20002400	uint32_t	
[2045]	0	0x20002404	uint32_t	
[2046]	0	0x20002408	uint32_t	
[2047]	0	0x2000240C	uint32_t	
[2048]	0	0x20002410	uint32_t	
[2049]	0	0x20002414	uint32_t	
[2050]	0	0x20002418	uint32_t	
[2051]	1	0x2000241C	uint32_t	
[2052]	0	0x20002420	uint32_t	
[2053]	0	0x20002424	uint32_t	
[2054]	0	0x20002428	uint32_t	
[2055]	1	0x2000242C	uint32_t	
[2056]	0	0x20002430	uint32_t	
[2057]	0	0x20002434	uint32_t	
[2058]	0	0x20002438	uint32_t	
[2059]	0	0x2000243C	uint32_t	
[2060]	0	0x20002440	uint32_t	
[2061]	0	0x20002444	uint32_t	
[2062]	0	0x20002448	uint32_t	
[2063]	0	0x2000244C	uint32_t	
[2064]	0	0x20002450	uint32_t	
[2065]	0	0x20002454	uint32_t	
[2066]	0	0x20002458	uint32_t	
[2067]	0	0x2000245C	uint32_t	
[2068]	0	0x20002460	uint32_t	
[2069]	0	0x20002464	uint32_t	
[2070]	1	0x20002468	uint32_t	
[2071]	0	0x2000246C	uint32_t	
[2072]	0	0x20002470	uint32_t	
[2073]	0	0x20002474	uint32_t	
[2074]	0	0x20002478	uint32_t	
[2075]	0	0x2000247C	uint32_t	
[2076]	0	0x20002480	uint32_t	
[2077]	0	0x20002484	uint32_t	
[2078]	0	0x20002488	uint32_t	
[2079]	1	0x2000248C	uint32_t	
[2080]	0	0x20002490	uint32_t	
[2081]	0	0x20002494	uint32_t	
[2082]	0	0x20002498	uint32_t	
[2083]	0	0x2000249C	uint32_t	
[2084]	0	0x200024A0	uint32_t	
[2085]	0	0x200024A4	uint32_t	
[2086]	0	0x200024A8	uint32_t	
[2087]	0	0x200024AC	uint32_t	
[2088]	0	0x200024B0	uint32_t	
[2089]	1	0x200024B4	uint32_t	
[2090]	0	0x200024B8	uint32_t	
[2091]	0	0x200024BC	uint32_t	
[2092]	0	0x200024C0	uint32_t	
[2093]	0	0x200024C4	uint32_t	
[2094]	0	0x200024C8	uint32_t	
[2095]	0	0x200024CC	uint32_t	
[2096]	0	0x200024D0	uint32_t	
[2097]	0	0x200024D4	uint32_t	
[2098]	0	0x200024D8	uint32_t	
[2099]	0	0x200024DC	uint32_t	
[2100]	0	0x200024E0	uint32_t	
[2101]	0	0x200024E4	uint32_t	
[2102]	2	0x200024E8	uint32_t	
[2103]	0	0x200024EC	uint32_t	
[2104]	0	0x200024F0	uint32_t	
[2105]	0	0x200024F4	uint32_t	
[2106]	0	0x200024F8	uint32_t	
[2107]	0	0x200024FC	uint32_t	
[2108]	0	0x20002500	uint32_t	
[2109]	0	0x20002504	uint32_t	
[2110]	1	0x20002508	uint32_t	
[2111]	0	0x2000250C	uint32_t	
[2112]	0	0x20002510	uint32_t	
[2113]	1	0x20002514	uint32_t	
[2114]	1	0x20002518	uint32_t	
[2115]	0	0x2000251C	uint32_t	
[2116]	0	0x20002520	uint32_t	
[2117]	0	0x20002524	uint32_t	
[2118]	0	0x20002528	uint32_t	
[2119]	0	0x2000252C	uint32_t	
[2120]	0	0x20002530	uint32_t	
[2121]	0	0x20002534	uint32_t	
[2122]	0	0x20002538	uint32_t	
[2123]	0	0x2000253C	uint32_t	
[2124]	0	0x20002540	uint32_t	
[2125]	0	0x20002544	uint32_t	
[2126]	0	0x20002548	uint32_t	
[2127]	0	0x2000254C	uint32_t	
[2128]	0	0x20002550	uint32_t	
[2129]	0	0x20002554	uint32_t	
[2130]	0	0x20002558	uint32_t	
[2131]	0	0x2000255C	uint32_t	
[2132]	0	0x20002560	uint32_t	
[2133]	0	0x20002564	uint32_t	
[2134]	0	0x20002568	uint32_t	
[2135]	0	0x2000256C	uint32_t	
[2136]	0	0x20002570	uint32_t	
[2137]	0	0x20002574	uint32_t	
[2138]	0	0x20002578	uint32_t	
[2139]	0	0x2000257C	uint32_t	
[2140]	0	0x20002580	uint32_t	
[2141]	0	0x20002584	uint32_t	
[2142]	0	0x20002588	uint32_t	
[2143]	0	0x2000258C	uint32_t	
[2144]	0	0x20002590	uint32_t	
[2145]	0	0x20002594	uint32_t	
[2146]	1	0x20002598	uint32_t	
[2147]	0	0x2000259C	uint32_t	
[2148]	0	0x200025A0	uint32_t	
[2149]	0	0x200025A4	uint32_t	
[2150]	0	0x200025A8	uint32_t	
[2151]	0	0x200025AC	uint32_t	
[2152]	0	0x200025B0	uint32_t	
[2153]	0	0x200025B4	uint32_t	
[2154]	0	0x200025B8	uint32_t	
[2155]	0	0x200025BC	uint32_t	
[2156]	0	0x200025C0	uint32_t	
[2157]	0	0x200025C4	uint32_t	
[2158]	0	0x200025C8	uint32_t	
[2159]	0	0x200025CC	uint32_t	
[2160]	0	0x200025D0	uint32_t	
[2161]	0	0x200025D4	uint32_t	
[2162]	0	0x200025D8	uint32_t	
[2163]	0	0x200025DC	uint32_t	
[2164]	0	0x200025E0	uint32_t	
[2165]	0	0x200025E4	uint32_t	
[2166]	0	0x200025E8	uint32_t	
[2167]	0	0x200025EC	uint32_t	
[2168]	0	0x200025F0	uint32_t	
[2169]	0	0x200025F4	uint32_t	
[2170]	0	0x200025F8	uint32_t	
[2171]	0	0x200025FC	uint32_t	
[2172]	0	0x20002600	uint32_t	
[2173]	0	0x20002604	uint32_t	
[2174]	0	0x20002608	uint32_t	
[2175]	0	0x2000260C	uint32_t	
[2176]	1	0x20002610	uint32_t	
[2177]	0	0x20002614	uint32_t	
[2178]	0	0x20002618	uint32_t	
[2179]	0	0x2000261C	uint32_t	
[2180]	0	0x20002620	uint32_t	
[2181]	0	0x20002624	uint32_t	
[2182]	1	0x20002628	uint32_t	
[2183]	0	0x2000262C	uint32_t	
[2184]	0	0x20002630	uint32_t	
[2185]	0	0x20002634	uint32_t	
[2186]	0	0x20002638	uint32_t	
[2187]	1	0x2000263C	uint32_t	
[2188]	0	0x20002640	uint32_t	
[2189]	0	0x20002644	uint32_t	
[2190]	1	0x20002648	uint32_t	
[2191]	0	0x2000264C	uint32_t	
[2192]	0	0x20002650	uint32_t	
[2193]	1	0x20002654	uint32_t	
[2194]	0	0x20002658	uint32_t	
[2195]	0	0x2000265C	uint32_t	
[2196]	1	0x20002660	uint32_t	
[2197]	0	0x20002664	uint32_t	
[2198]	0	0x20002668	uint32_t	
[2199]	1	0x2000266C	uint32_t	
[2200]	0	0x20002670	uint32_t	
[2201]	0	0x20002674	uint32_t	
[2202]	0	0x20002678	uint32_t	
[2203]	0	0x2000267C	uint32_t	
[2204]	0	0x20002680	uint32_t	
[2205]	0	0x20002684	uint32_t	
[2206]	0	0x20002688	uint32_t	
[2207]	0	0x2000268C	uint32_t	
[2208]	1	0x20002690	uint32_t	
[2209]	0	0x20002694	uint32_t	
[2210]	0	0x20002698	uint32_t	
[2211]	0	0x2000269C	uint32_t	
[2212]	0	0x200026A0	uint32_t	
[2213]	0	0x200026A4	uint32_t	
[2214]	0	0x200026A8	uint32_t	
[2215]	0	0x200026AC	uint32_t	
[2216]	0	0x200026B0	uint32_t	
[2217]	0	0x200026B4	uint32_t	
[2218]	0	0x200026B8	uint32_t	
[2219]	0	0x200026BC	uint32_t	
[2220]	0	0x200026C0	uint32_t	
[2221]	0	0x200026C4	uint32_t	
[2222]	0	0x200026C8	uint32_t	
[2223]	0	0x200026CC	uint32_t	
[2224]	0	0x200026D0	uint32_t	
[2225]	0	0x200026D4	uint32_t	
[2226]	0	0x200026D8	uint32_t	
[2227]	0	0x200026DC	uint32_t	
[2228]	0	0x200026E0	uint32_t	
[2229]	0	0x200026E4	uint32_t	
[2230]	0	0x200026E8	uint32_t	
[2231]	0	0x200026EC	uint32_t	
[2232]	0	0x200026F0	uint32_t	
[2233]	0	0x200026F4	uint32_t	
[2234]	0	0x200026F8	uint32_t	
[2235]	0	0x200026FC	uint32_t	
[2236]	0	0x20002700	uint32_t	
[2237]	0	0x20002704	uint32_t	
[2238]	0	0x20002708	uint32_t	
[2239]	1	0x2000270C	uint32_t	
[2240]	0	0x20002710	uint32_t	
[2241]	0	0x20002714	uint32_t	
[2242]	0	0x20002718	uint32_t	
[2243]	0	0x2000271C	uint32_t	
[2244]	0	0x20002720	uint32_t	
[2245]	0	0x20002724	uint32_t	
[2246]	0	0x20002728	uint32_t	
[2247]	0	0x2000272C	uint32_t	
[2248]	0	0x20002730	uint32_t	
[2249]	0	0x20002734	uint32_t	
[2250]	0	0x20002738	uint32_t	
[2251]	0	0x2000273C	uint32_t	
[2252]	0	0x20002740	uint32_t	
[2253]	0	0x20002744	uint32_t	
[2254]	0	0x20002748	uint32_t	
[2255]	0	0x2000274C	uint32_t	
[2256]	0	0x20002750	uint32_t	
[2257]	0	0x20002754	uint32_t	
[2258]	0	0x20002758	uint32_t	
[2259]	0	0x2000275C	uint32_t	
[2260]	0	0x20002760	uint32_t	
[2261]	0	0x20002764	uint32_t	
[2262]	0	0x20002768	uint32_t	
[2263]	0	0x2000276C	uint32_t	
[2264]	0	0x20002770	uint32_t	
[2265]	0	0x20002774	uint32_t	
[2266]	0	0x20002778	uint32_t	
[2267]	0	0x2000277C	uint32_t	
[2268]	0	0x20002780	uint32_t	
[2269]	0	0x20002784	uint32_t	
[2270]	0	0x20002788	uint32_t	
[2271]	0	0x2000278C	uint32_t	
[2272]	0	0x20002790	uint32_t	
[2273]	0	0x20002794	uint32_t	
[2274]	0	0x20002798	uint32_t	
[2275]	0	0x2000279C	uint32_t	
[2276]	0	0x200027A0	uint32_t	
[2277]	0	0x200027A4	uint32_t	
[2278]	0	0x200027A8	uint32_t	
[2279]	0	0x200027AC	uint32_t	
[2280]	0	0x200027B0	uint32_t	
[2281]	0	0x200027B4	uint32_t	
[2282]	0	0x200027B8	uint32_t	
[2283]	0	0x200027BC	uint32_t	
[2284]	0	0x200027C0	uint32_t	
[2285]	0	0x200027C4	uint32_t	
[2286]	0	0x200027C8	uint32_t	
[2287]	0	0x200027CC	uint32_t	
[2288]	0	0x200027D0	uint32_t	
[2289]	0	0x200027D4	uint32_t	
[2290]	0	0x200027D8	uint32_t	
[2291]	1	0x200027DC	uint32_t	
[2292]	0	0x200027E0	uint32_t	
[2293]	0	0x200027E4	uint32_t	
[2294]	0	0x200027E8	uint32_t	
[2295]	0	0x200027EC	uint32_t	
[2296]	0	0x200027F0	uint32_t	
[2297]	0	0x200027F4	uint32_t	
[2298]	0	0x200027F8	uint32_t	
[2299]	0	0x200027FC	uint32_t	
[2300]	0	0x20002800	uint32_t	
[2301]	0	0x20002804	uint32_t	
[2302]	0	0x20002808	uint32_t	
[2303]	0	0x2000280C	uint32_t	
[2304]	0	0x20002810	uint32_t	
[2305]	0	0x20002814	uint32_t	
[2306]	0	0x20002818	uint32_t	
[2307]	0	0x2000281C	uint32_t	
[2308]	0	0x20002820	uint32_t	
[2309]	0	0x20002824	uint32_t	
[2310]	0	0x20002828	uint32_t	
[2311]	0	0x2000282C	uint32_t	
[2312]	0	0x20002830	uint32_t	
[2313]	0	0x20002834	uint32_t	
[2314]	0	0x20002838	uint32_t	
[2315]	0	0x2000283C	uint32_t	
[2316]	0	0x20002840	uint32_t	
[2317]	0	0x20002844	uint32_t	
[2318]	0	0x20002848	uint32_t	
[2319]	0	0x2000284C	uint32_t	
[2320]	0	0x20002850	uint32_t	
[2321]	0	0x20002854	uint32_t	
[2322]	0	0x20002858	uint32_t	
[2323]	0	0x2000285C	uint32_t	
[2324]	0	0x20002860	uint32_t	
[2325]	0	0x20002864	uint32_t	
[2326]	0	0x20002868	uint32_t	
[2327]	0	0x2000286C	uint32_t	
[2328]	0	0x20002870	uint32_t	
[2329]	0	0x20002874	uint32_t	
[2330]	0	0x20002878	uint32_t	
[2331]	0	0x2000287C	uint32_t	
[2332]	0	0x20002880	uint32_t	
[2333]	0	0x20002884	uint32_t	
[2334]	0	0x20002888	uint32_t	
[2335]	0	0x2000288C	uint32_t	
[2336]	0	0x20002890	uint32_t	
[2337]	0	0x20002894	uint32_t	
[2338]	0	0x20002898	uint32_t	
[2339]	0	0x2000289C	uint32_t	
[2340]	0	0x200028A0	uint32_t	
[2341]	0	0x200028A4	uint32_t	
[2342]	0	0x200028A8	uint32_t	
[2343]	0	0x200028AC	uint32_t	
[2344]	0	0x200028B0	uint32_t	
[2345]	0	0x200028B4	uint32_t	
[2346]	0	0x200028B8	uint32_t	
[2347]	0	0x200028BC	uint32_t	
[2348]	0	0x200028C0	uint32_t	
[2349]	0	0x200028C4	uint32_t	
[2350]	0	0x200028C8	uint32_t	
[2351]	0	0x200028CC	uint32_t	
[2352]	0	0x200028D0	uint32_t	
[2353]	0	0x200028D4	uint32_t	
[2354]	0	0x200028D8	uint32_t	
[2355]	0	0x200028DC	uint32_t	
[2356]	0	0x200028E0	uint32_t	
[2357]	0	0x200028E4	uint32_t	
[2358]	0	0x200028E8	uint32_t	
[2359]	0	0x200028EC	uint32_t	
[2360]	0	0x200028F0	uint32_t	
[2361]	0	0x200028F4	uint32_t	
[2362]	0	0x200028F8	uint32_t	
[2363]	1	0x200028FC	uint32_t	
[2364]	0	0x20002900	uint32_t	
[2365]	0	0x20002904	uint32_t	
[2366]	0	0x20002908	uint32_t	
[2367]	0	0x2000290C	uint32_t	
[2368]	0	0x20002910	uint32_t	
[2369]	1	0x20002914	uint32_t	
[2370]	0	0x20002918	uint32_t	
[2371]	0	0x2000291C	uint32_t	
[2372]	0	0x20002920	uint32_t	
[2373]	0	0x20002924	uint32_t	
[2374]	0	0x20002928	uint32_t	
[2375]	0	0x2000292C	uint32_t	
[2376]	0	0x20002930	uint32_t	
[2377]	0	0x20002934	uint32_t	
[2378]	0	0x20002938	uint32_t	
[2379]	0	0x2000293C	uint32_t	
[2380]	0	0x20002940	uint32_t	
[2381]	0	0x20002944	uint32_t	
[2382]	0	0x20002948	uint32_t	
[2383]	0	0x2000294C	uint32_t	
[2384]	0	0x20002950	uint32_t	
[2385]	1	0x20002954	uint32_t	
[2386]	0	0x20002958	uint32_t	
[2387]	0	0x2000295C	uint32_t	
[2388]	0	0x20002960	uint32_t	
[2389]	0	0x20002964	uint32_t	
[2390]	0	0x20002968	uint32_t	
[2391]	0	0x2000296C	uint32_t	
[2392]	0	0x20002970	uint32_t	
[2393]	0	0x20002974	uint32_t	
[2394]	0	0x20002978	uint32_t	
[2395]	0	0x2000297C	uint32_t	
[2396]	0	0x20002980	uint32_t	
[2397]	0	0x20002984	uint32_t	
[2398]	0	0x20002988	uint32_t	
[2399]	0	0x2000298C	uint32_t	
[2400]	0	0x20002990	uint32_t	
[2401]	0	0x20002994	uint32_t	
[2402]	0	0x20002998	uint32_t	
[2403]	0	0x2000299C	uint32_t	
[2404]	0	0x200029A0	uint32_t	
[2405]	0	0x200029A4	uint32_t	
[2406]	0	0x200029A8	uint32_t	
[2407]	0	0x200029AC	uint32_t	
[2408]	0	0x200029B0	uint32_t	
[2409]	0	0x200029B4	uint32_t	
[2410]	0	0x200029B8	uint32_t	
[2411]	1	0x200029BC	uint32_t	
[2412]	0	0x200029C0	uint32_t	
[2413]	0	0x200029C4	uint32_t	
[2414]	0	0x200029C8	uint32_t	
[2415]	0	0x200029CC	uint32_t	
[2416]	0	0x200029D0	uint32_t	
[2417]	0	0x200029D4	uint32_t	
[2418]	0	0x200029D8	uint32_t	
[2419]	0	0x200029DC	uint32_t	
[2420]	0	0x200029E0	uint32_t	
[2421]	0	0x200029E4	uint32_t	
[2422]	0	0x200029E8	uint32_t	
[2423]	0	0x200029EC	uint32_t	
[2424]	0	0x200029F0	uint32_t	
[2425]	0	0x200029F4	uint32_t	
[2426]	0	0x200029F8	uint32_t	
[2427]	0	0x200029FC	uint32_t	
[2428]	0	0x20002A00	uint32_t	
[2429]	0	0x20002A04	uint32_t	
[2430]	0	0x20002A08	uint32_t	
[2431]	0	0x20002A0C	uint32_t	
[2432]	0	0x20002A10	uint32_t	
[2433]	0	0x20002A14	uint32_t	
[2434]	0	0x20002A18	uint32_t	
[2435]	0	0x20002A1C	uint32_t	
[2436]	0	0x20002A20	uint32_t	
[2437]	0	0x20002A24	uint32_t	
[2438]	0	0x20002A28	uint32_t	
[2439]	0	0x20002A2C	uint32_t	
[2440]	0	0x20002A30	uint32_t	
[2441]	0	0x20002A34	uint32_t	
[2442]	0	0x20002A38	uint32_t	
[2443]	0	0x20002A3C	uint32_t	
[2444]	0	0x20002A40	uint32_t	
[2445]	0	0x20002A44	uint32_t	
[2446]	0	0x20002A48	uint32_t	
[2447]	0	0x20002A4C	uint32_t	
[2448]	0	0x20002A50	uint32_t	
[2449]	0	0x20002A54	uint32_t	
[2450]	0	0x20002A58	uint32_t	
[2451]	0	0x20002A5C	uint32_t	
[2452]	0	0x20002A60	uint32_t	
[2453]	0	0x20002A64	uint32_t	
[2454]	0	0x20002A68	uint32_t	
[2455]	0	0x20002A6C	uint32_t	
[2456]	0	0x20002A70	uint32_t	
[2457]	0	0x20002A74	uint32_t	
[2458]	0	0x20002A78	uint32_t	
[2459]	0	0x20002A7C	uint32_t	
[2460]	0	0x20002A80	uint32_t	
[2461]	0	0x20002A84	uint32_t	
[2462]	0	0x20002A88	uint32_t	
[2463]	0	0x20002A8C	uint32_t	
[2464]	0	0x20002A90	uint32_t	
[2465]	0	0x20002A94	uint32_t	
[2466]	0	0x20002A98	uint32_t	
[2467]	0	0x20002A9C	uint32_t	
[2468]	0	0x20002AA0	uint32_t	
[2469]	0	0x20002AA4	uint32_t	
[2470]	0	0x20002AA8	uint32_t	
[2471]	0	0x20002AAC	uint32_t	
[2472]	0	0x20002AB0	uint32_t	
[2473]	0	0x20002AB4	uint32_t	
[2474]	0	0x20002AB8	uint32_t	
[2475]	0	0x20002ABC	uint32_t	
[2476]	0	0x20002AC0	uint32_t	
[2477]	0	0x20002AC4	uint32_t	
[2478]	0	0x20002AC8	uint32_t	
[2479]	0	0x20002ACC	uint32_t	
[2480]	0	0x20002AD0	uint32_t	
[2481]	0	0x20002AD4	uint32_t	
[2482]	0	0x20002AD8	uint32_t	
[2483]	0	0x20002ADC	uint32_t	
[2484]	0	0x20002AE0	uint32_t	
[2485]	0	0x20002AE4	uint32_t	
[2486]	0	0x20002AE8	uint32_t	
[2487]	0	0x20002AEC	uint32_t	
[2488]	0	0x20002AF0	uint32_t	
[2489]	0	0x20002AF4	uint32_t	
[2490]	0	0x20002AF8	uint32_t	
[2491]	0	0x20002AFC	uint32_t	
[2492]	1	0x20002B00	uint32_t	
[2493]	0	0x20002B04	uint32_t	
[2494]	0	0x20002B08	uint32_t	
[2495]	0	0x20002B0C	uint32_t	
[2496]	0	0x20002B10	uint32_t	
[2497]	0	0x20002B14	uint32_t	
[2498]	0	0x20002B18	uint32_t	
[2499]	0	0x20002B1C	uint32_t	
[2500]	0	0x20002B20	uint32_t	
[2501]	0	0x20002B24	uint32_t	
[2502]	0	0x20002B28	uint32_t	
[2503]	0	0x20002B2C	uint32_t	
[2504]	0	0x20002B30	uint32_t	
[2505]	0	0x20002B34	uint32_t	
[2506]	0	0x20002B38	uint32_t	
[2507]	0	0x20002B3C	uint32_t	
[2508]	0	0x20002B40	uint32_t	
[2509]	0	0x20002B44	uint32_t	
[2510]	0	0x20002B48	uint32_t	
[2511]	0	0x20002B4C	uint32_t	
[2512]	0	0x20002B50	uint32_t	
[2513]	2	0x20002B54	uint32_t	
[2514]	0	0x20002B58	uint32_t	
[2515]	2	0x20002B5C	uint32_t	
[2516]	0	0x20002B60	uint32_t	
[2517]	0	0x20002B64	uint32_t	
[2518]	0	0x20002B68	uint32_t	
[2519]	0	0x20002B6C	uint32_t	
[2520]	0	0x20002B70	uint32_t	
[2521]	0	0x20002B74	uint32_t	
[2522]	0	0x20002B78	uint32_t	
[2523]	0	0x20002B7C	uint32_t	
[2524]	0	0x20002B80	uint32_t	
[2525]	0	0x20002B84	uint32_t	
[2526]	0	0x20002B88	uint32_t	
[2527]	0	0x20002B8C	uint32_t	
[2528]	0	0x20002B90	uint32_t	
[2529]	0	0x20002B94	uint32_t	
[2530]	0	0x20002B98	uint32_t	
[2531]	0	0x20002B9C	uint32_t	
[2532]	0	0x20002BA0	uint32_t	
[2533]	0	0x20002BA4	uint32_t	
[2534]	0	0x20002BA8	uint32_t	
[2535]	0	0x20002BAC	uint32_t	
[2536]	0	0x20002BB0	uint32_t	
[2537]	1	0x20002BB4	uint32_t	
[2538]	0	0x20002BB8	uint32_t	
[2539]	0	0x20002BBC	uint32_t	
[2540]	0	0x20002BC0	uint32_t	
[2541]	0	0x20002BC4	uint32_t	
[2542]	0	0x20002BC8	uint32_t	
[2543]	0	0x20002BCC	uint32_t	
[2544]	0	0x20002BD0	uint32_t	
[2545]	0	0x20002BD4	uint32_t	
[2546]	0	0x20002BD8	uint32_t	
[2547]	0	0x20002BDC	uint32_t	
[2548]	0	0x20002BE0	uint32_t	
[2549]	0	0x20002BE4	uint32_t	
[2550]	0	0x20002BE8	uint32_t	
[2551]	0	0x20002BEC	uint32_t	
[2552]	0	0x20002BF0	uint32_t	
[2553]	0	0x20002BF4	uint32_t	
[2554]	0	0x20002BF8	uint32_t	
[2555]	0	0x20002BFC	uint32_t	
[2556]	0	0x20002C00	uint32_t	
[2557]	0	0x20002C04	uint32_t	
[2558]	0	0x20002C08	uint32_t	
[2559]	0	0x20002C0C	uint32_t	
[2560]	0	0x20002C10	uint32_t	
[2561]	0	0x20002C14	uint32_t	
[2562]	0	0x20002C18	uint32_t	
[2563]	0	0x20002C1C	uint32_t	
[2564]	0	0x20002C20	uint32_t	
[2565]	0	0x20002C24	uint32_t	
[2566]	0	0x20002C28	uint32_t	
[2567]	0	0x20002C2C	uint32_t	
[2568]	0	0x20002C30	uint32_t	
[2569]	1	0x20002C34	uint32_t	
[2570]	0	0x20002C38	uint32_t	
[2571]	0	0x20002C3C	uint32_t	
[2572]	2	0x20002C40	uint32_t	
[2573]	0	0x20002C44	uint32_t	
[2574]	0	0x20002C48	uint32_t	
[2575]	0	0x20002C4C	uint32_t	
[2576]	0	0x20002C50	uint32_t	
[2577]	0	0x20002C54	uint32_t	
[2578]	0	0x20002C58	uint32_t	
[2579]	0	0x20002C5C	uint32_t	
[2580]	0	0x20002C60	uint32_t	
[2581]	0	0x20002C64	uint32_t	
[2582]	1	0x20002C68	uint32_t	
[2583]	0	0x20002C6C	uint32_t	
[2584]	0	0x20002C70	uint32_t	
[2585]	0	0x20002C74	uint32_t	
[2586]	0	0x20002C78	uint32_t	
[2587]	0	0x20002C7C	uint32_t	
[2588]	0	0x20002C80	uint32_t	
[2589]	0	0x20002C84	uint32_t	
[2590]	0	0x20002C88	uint32_t	
[2591]	0	0x20002C8C	uint32_t	
[2592]	0	0x20002C90	uint32_t	
[2593]	0	0x20002C94	uint32_t	
[2594]	0	0x20002C98	uint32_t	
[2595]	0	0x20002C9C	uint32_t	
[2596]	0	0x20002CA0	uint32_t	
[2597]	0	0x20002CA4	uint32_t	
[2598]	0	0x20002CA8	uint32_t	
[2599]	0	0x20002CAC	uint32_t	
[2600]	0	0x20002CB0	uint32_t	
[2601]	0	0x20002CB4	uint32_t	
[2602]	0	0x20002CB8	uint32_t	
[2603]	0	0x20002CBC	uint32_t	
[2604]	0	0x20002CC0	uint32_t	
[2605]	0	0x20002CC4	uint32_t	
[2606]	0	0x20002CC8	uint32_t	
[2607]	1	0x20002CCC	uint32_t	
[2608]	1	0x20002CD0	uint32_t	
[2609]	0	0x20002CD4	uint32_t	
[2610]	0	0x20002CD8	uint32_t	
[2611]	0	0x20002CDC	uint32_t	
[2612]	0	0x20002CE0	uint32_t	
[2613]	0	0x20002CE4	uint32_t	
[2614]	0	0x20002CE8	uint32_t	
[2615]	0	0x20002CEC	uint32_t	
[2616]	0	0x20002CF0	uint32_t	
[2617]	0	0x20002CF4	uint32_t	
[2618]	0	0x20002CF8	uint32_t	
[2619]	0	0x20002CFC	uint32_t	
[2620]	1	0x20002D00	uint32_t	
[2621]	0	0x20002D04	uint32_t	
[2622]	0	0x20002D08	uint32_t	
[2623]	0	0x20002D0C	uint32_t	
[2624]	0	0x20002D10	uint32_t	
[2625]	1	0x20002D14	uint32_t	
[2626]	0	0x20002D18	uint32_t	
[2627]	0	0x20002D1C	uint32_t	
[2628]	0	0x20002D20	uint32_t	
[2629]	0	0x20002D24	uint32_t	
[2630]	0	0x20002D28	uint32_t	
[2631]	1	0x20002D2C	uint32_t	
[2632]	0	0x20002D30	uint32_t	
[2633]	0	0x20002D34	uint32_t	
[2634]	0	0x20002D38	uint32_t	
[2635]	0	0x20002D3C	uint32_t	
[2636]	0	0x20002D40	uint32_t	
[2637]	0	0x20002D44	uint32_t	
[2638]	0	0x20002D48	uint32_t	
[2639]	0	0x20002D4C	uint32_t	
[2640]	0	0x20002D50	uint32_t	
[2641]	0	0x20002D54	uint32_t	
[2642]	1	0x20002D58	uint32_t	
[2643]	0	0x20002D5C	uint32_t	
[2644]	0	0x20002D60	uint32_t	
[2645]	0	0x20002D64	uint32_t	
[2646]	0	0x20002D68	uint32_t	
[2647]	0	0x20002D6C	uint32_t	
[2648]	0	0x20002D70	uint32_t	
[2649]	0	0x20002D74	uint32_t	
[2650]	0	0x20002D78	uint32_t	
[2651]	0	0x20002D7C	uint32_t	
[2652]	0	0x20002D80	uint32_t	
[2653]	0	0x20002D84	uint32_t	
[2654]	0	0x20002D88	uint32_t	
[2655]	1	0x20002D8C	uint32_t	
[2656]	0	0x20002D90	uint32_t	
[2657]	0	0x20002D94	uint32_t	
[2658]	0	0x20002D98	uint32_t	
[2659]	0	0x20002D9C	uint32_t	
[2660]	0	0x20002DA0	uint32_t	
[2661]	1	0x20002DA4	uint32_t	
[2662]	0	0x20002DA8	uint32_t	
[2663]	1	0x20002DAC	uint32_t	
[2664]	0	0x20002DB0	uint32_t	
[2665]	0	0x20002DB4	uint32_t	
[2666]	0	0x20002DB8	uint32_t	
[2667]	0	0x20002DBC	uint32_t	
[2668]	0	0x20002DC0	uint32_t	
[2669]	0	0x20002DC4	uint32_t	
[2670]	0	0x20002DC8	uint32_t	
[2671]	0	0x20002DCC	uint32_t	
[2672]	0	0x20002DD0	uint32_t	
[2673]	0	0x20002DD4	uint32_t	
[2674]	0	0x20002DD8	uint32_t	
[2675]	0	0x20002DDC	uint32_t	
[2676]	0	0x20002DE0	uint32_t	
[2677]	0	0x20002DE4	uint32_t	
[2678]	0	0x20002DE8	uint32_t	
[2679]	0	0x20002DEC	uint32_t	
[2680]	0	0x20002DF0	uint32_t	
[2681]	0	0x20002DF4	uint32_t	
[2682]	0	0x20002DF8	uint32_t	
[2683]	0	0x20002DFC	uint32_t	
[2684]	0	0x20002E00	uint32_t	
[2685]	0	0x20002E04	uint32_t	
[2686]	0	0x20002E08	uint32_t	
[2687]	0	0x20002E0C	uint32_t	
[2688]	0	0x20002E10	uint32_t	
[2689]	0	0x20002E14	uint32_t	
[2690]	1	0x20002E18	uint32_t	
[2691]	0	0x20002E1C	uint32_t	
[2692]	0	0x20002E20	uint32_t	
[2693]	0	0x20002E24	uint32_t	
[2694]	0	0x20002E28	uint32_t	
[2695]	0	0x20002E2C	uint32_t	
[2696]	0	0x20002E30	uint32_t	
[2697]	0	0x20002E34	uint32_t	
[2698]	0	0x20002E38	uint32_t	
[2699]	0	0x20002E3C	uint32_t	
[2700]	0	0x20002E40	uint32_t	
[2701]	0	0x20002E44	uint32_t	
[2702]	0	0x20002E48	uint32_t	
[2703]	0	0x20002E4C	uint32_t	
[2704]	0	0x20002E50	uint32_t	
[2705]	0	0x20002E54	uint32_t	
[2706]	0	0x20002E58	uint32_t	
[2707]	0	0x20002E5C	uint32_t	
[2708]	0	0x20002E60	uint32_t	
[2709]	0	0x20002E64	uint32_t	
[2710]	1	0x20002E68	uint32_t	
[2711]	0	0x20002E6C	uint32_t	
[2712]	0	0x20002E70	uint32_t	
[2713]	0	0x20002E74	uint32_t	
[2714]	0	0x20002E78	uint32_t	
[2715]	0	0x20002E7C	uint32_t	
[2716]	0	0x20002E80	uint32_t	
[2717]	0	0x20002E84	uint32_t	
[2718]	0	0x20002E88	uint32_t	
[2719]	0	0x20002E8C	uint32_t	
[2720]	0	0x20002E90	uint32_t	
[2721]	0	0x20002E94	uint32_t	
[2722]	0	0x20002E98	uint32_t	
[2723]	0	0x20002E9C	uint32_t	
[2724]	0	0x20002EA0	uint32_t	
[2725]	0	0x20002EA4	uint32_t	
[2726]	0	0x20002EA8	uint32_t	
[2727]	0	0x20002EAC	uint32_t	
[2728]	0	0x20002EB0	uint32_t	
[2729]	0	0x20002EB4	uint32_t	
[2730]	0	0x20002EB8	uint32_t	
[2731]	0	0x20002EBC	uint32_t	
[2732]	0	0x20002EC0	uint32_t	
[2733]	0	0x20002EC4	uint32_t	
[2734]	0	0x20002EC8	uint32_t	
[2735]	0	0x20002ECC	uint32_t	
[2736]	0	0x20002ED0	uint32_t	
[2737]	0	0x20002ED4	uint32_t	
[2738]	0	0x20002ED8	uint32_t	
[2739]	0	0x20002EDC	uint32_t	
[2740]	0	0x20002EE0	uint32_t	
[2741]	0	0x20002EE4	uint32_t	
[2742]	0	0x20002EE8	uint32_t	
[2743]	0	0x20002EEC	uint32_t	
[2744]	0	0x20002EF0	uint32_t	
[2745]	0	0x20002EF4	uint32_t	
[2746]	0	0x20002EF8	uint32_t	
[2747]	0	0x20002EFC	uint32_t	
[2748]	0	0x20002F00	uint32_t	
[2749]	0	0x20002F04	uint32_t	
[2750]	0	0x20002F08	uint32_t	
[2751]	0	0x20002F0C	uint32_t	
[2752]	0	0x20002F10	uint32_t	
[2753]	0	0x20002F14	uint32_t	
[2754]	0	0x20002F18	uint32_t	
[2755]	0	0x20002F1C	uint32_t	
[2756]	0	0x20002F20	uint32_t	
[2757]	0	0x20002F24	uint32_t	
[2758]	0	0x20002F28	uint32_t	
[2759]	0	0x20002F2C	uint32_t	
[2760]	0	0x20002F30	uint32_t	
[2761]	1	0x20002F34	uint32_t	
[2762]	0	0x20002F38	uint32_t	
[2763]	1	0x20002F3C	uint32_t	
[2764]	0	0x20002F40	uint32_t	
[2765]	0	0x20002F44	uint32_t	
[2766]	0	0x20002F48	uint32_t	
[2767]	0	0x20002F4C	uint32_t	
[2768]	0	0x20002F50	uint32_t	
[2769]	0	0x20002F54	uint32_t	
[2770]	0	0x20002F58	uint32_t	
[2771]	0	0x20002F5C	uint32_t	
[2772]	0	0x20002F60	uint32_t	
[2773]	0	0x20002F64	uint32_t	
[2774]	0	0x20002F68	uint32_t	
[2775]	0	0x20002F6C	uint32_t	
[2776]	0	0x20002F70	uint32_t	
[2777]	0	0x20002F74	uint32_t	
[2778]	0	0x20002F78	uint32_t	
[2779]	0	0x20002F7C	uint32_t	
[2780]	0	0x20002F80	uint32_t	
[2781]	0	0x20002F84	uint32_t	
[2782]	0	0x20002F88	uint32_t	
[2783]	0	0x20002F8C	uint32_t	
[2784]	0	0x20002F90	uint32_t	
[2785]	0	0x20002F94	uint32_t	
[2786]	0	0x20002F98	uint32_t	
[2787]	0	0x20002F9C	uint32_t	
[2788]	0	0x20002FA0	uint32_t	
[2789]	0	0x20002FA4	uint32_t	
[2790]	0	0x20002FA8	uint32_t	
[2791]	0	0x20002FAC	uint32_t	
[2792]	0	0x20002FB0	uint32_t	
[2793]	0	0x20002FB4	uint32_t	
[2794]	0	0x20002FB8	uint32_t	
[2795]	0	0x20002FBC	uint32_t	
[2796]	0	0x20002FC0	uint32_t	
[2797]	0	0x20002FC4	uint32_t	
[2798]	0	0x20002FC8	uint32_t	
[2799]	0	0x20002FCC	uint32_t	
[2800]	1	0x20002FD0	uint32_t	
[2801]	0	0x20002FD4	uint32_t	
[2802]	0	0x20002FD8	uint32_t	
[2803]	0	0x20002FDC	uint32_t	
[2804]	0	0x20002FE0	uint32_t	
[2805]	0	0x20002FE4	uint32_t	
[2806]	0	0x20002FE8	uint32_t	
[2807]	0	0x20002FEC	uint32_t	
[2808]	0	0x20002FF0	uint32_t	
[2809]	0	0x20002FF4	uint32_t	
[2810]	0	0x20002FF8	uint32_t	
[2811]	0	0x20002FFC	uint32_t	
[2812]	0	0x20003000	uint32_t	
[2813]	0	0x20003004	uint32_t	
[2814]	0	0x20003008	uint32_t	
[2815]	0	0x2000300C	uint32_t	
[2816]	0	0x20003010	uint32_t	
[2817]	0	0x20003014	uint32_t	
[2818]	0	0x20003018	uint32_t	
[2819]	1	0x2000301C	uint32_t	
[2820]	0	0x20003020	uint32_t	
[2821]	0	0x20003024	uint32_t	
[2822]	0	0x20003028	uint32_t	
[2823]	0	0x2000302C	uint32_t	
[2824]	0	0x20003030	uint32_t	
[2825]	1	0x20003034	uint32_t	
[2826]	0	0x20003038	uint32_t	
[2827]	1	0x2000303C	uint32_t	
[2828]	0	0x20003040	uint32_t	
[2829]	0	0x20003044	uint32_t	
[2830]	0	0x20003048	uint32_t	
[2831]	0	0x2000304C	uint32_t	
[2832]	0	0x20003050	uint32_t	
[2833]	0	0x20003054	uint32_t	
[2834]	0	0x20003058	uint32_t	
[2835]	0	0x2000305C	uint32_t	
[2836]	0	0x20003060	uint32_t	
[2837]	0	0x20003064	uint32_t	
[2838]	0	0x20003068	uint32_t	
[2839]	0	0x2000306C	uint32_t	
[2840]	0	0x20003070	uint32_t	
[2841]	0	0x20003074	uint32_t	
[2842]	0	0x20003078	uint32_t	
[2843]	0	0x2000307C	uint32_t	
[2844]	0	0x20003080	uint32_t	
[2845]	0	0x20003084	uint32_t	
[2846]	0	0x20003088	uint32_t	
[2847]	0	0x2000308C	uint32_t	
[2848]	0	0x20003090	uint32_t	
[2849]	0	0x20003094	uint32_t	
[2850]	0	0x20003098	uint32_t	
[2851]	0	0x2000309C	uint32_t	
[2852]	0	0x200030A0	uint32_t	
[2853]	0	0x200030A4	uint32_t	
[2854]	0	0x200030A8	uint32_t	
[2855]	0	0x200030AC	uint32_t	
[2856]	0	0x200030B0	uint32_t	
[2857]	0	0x200030B4	uint32_t	
[2858]	0	0x200030B8	uint32_t	
[2859]	0	0x200030BC	uint32_t	
[2860]	0	0x200030C0	uint32_t	
[2861]	0	0x200030C4	uint32_t	
[2862]	0	0x200030C8	uint32_t	
[2863]	0	0x200030CC	uint32_t	
[2864]	0	0x200030D0	uint32_t	
[2865]	0	0x200030D4	uint32_t	
[2866]	0	0x200030D8	uint32_t	
[2867]	0	0x200030DC	uint32_t	
[2868]	0	0x200030E0	uint32_t	
[2869]	0	0x200030E4	uint32_t	
[2870]	0	0x200030E8	uint32_t	
[2871]	0	0x200030EC	uint32_t	
[2872]	0	0x200030F0	uint32_t	
[2873]	0	0x200030F4	uint32_t	
[2874]	0	0x200030F8	uint32_t	
[2875]	0	0x200030FC	uint32_t	
[2876]	1	0x20003100	uint32_t	
[2877]	0	0x20003104	uint32_t	
[2878]	0	0x20003108	uint32_t	
[2879]	0	0x2000310C	uint32_t	
[2880]	0	0x20003110	uint32_t	
[2881]	0	0x20003114	uint32_t	
[2882]	0	0x20003118	uint32_t	
[2883]	0	0x2000311C	uint32_t	
[2884]	0	0x20003120	uint32_t	
[2885]	0	0x20003124	uint32_t	
[2886]	0	0x20003128	uint32_t	
[2887]	0	0x2000312C	uint32_t	
[2888]	0	0x20003130	uint32_t	
[2889]	0	0x20003134	uint32_t	
[2890]	0	0x20003138	uint32_t	
[2891]	2	0x2000313C	uint32_t	
[2892]	0	0x20003140	uint32_t	
[2893]	0	0x20003144	uint32_t	
[2894]	0	0x20003148	uint32_t	
[2895]	0	0x2000314C	uint32_t	
[2896]	0	0x20003150	uint32_t	
[2897]	1	0x20003154	uint32_t	
[2898]	0	0x20003158	uint32_t	
[2899]	0	0x2000315C	uint32_t	
[2900]	0	0x20003160	uint32_t	
[2901]	0	0x20003164	uint32_t	
[2902]	0	0x20003168	uint32_t	
[2903]	0	0x2000316C	uint32_t	
[2904]	0	0x20003170	uint32_t	
[2905]	0	0x20003174	uint32_t	
[2906]	0	0x20003178	uint32_t	
[2907]	1	0x2000317C	uint32_t	
[2908]	0	0x20003180	uint32_t	
[2909]	0	0x20003184	uint32_t	
[2910]	1	0x20003188	uint32_t	
[2911]	0	0x2000318C	uint32_t	
[2912]	0	0x20003190	uint32_t	
[2913]	0	0x20003194	uint32_t	
[2914]	0	0x20003198	uint32_t	
[2915]	0	0x2000319C	uint32_t	
[2916]	0	0x200031A0	uint32_t	
[2917]	0	0x200031A4	uint32_t	
[2918]	0	0x200031A8	uint32_t	
[2919]	0	0x200031AC	uint32_t	
[2920]	0	0x200031B0	uint32_t	
[2921]	0	0x200031B4	uint32_t	
[2922]	0	0x200031B8	uint32_t	
[2923]	0	0x200031BC	uint32_t	
[2924]	0	0x200031C0	uint32_t	
[2925]	0	0x200031C4	uint32_t	
[2926]	0	0x200031C8	uint32_t	
[2927]	0	0x200031CC	uint32_t	
[2928]	0	0x200031D0	uint32_t	
[2929]	0	0x200031D4	uint32_t	
[2930]	0	0x200031D8	uint32_t	
[2931]	0	0x200031DC	uint32_t	
[2932]	0	0x200031E0	uint32_t	
[2933]	0	0x200031E4	uint32_t	
[2934]	0	0x200031E8	uint32_t	
[2935]	0	0x200031EC	uint32_t	
[2936]	0	0x200031F0	uint32_t	
[2937]	0	0x200031F4	uint32_t	
[2938]	0	0x200031F8	uint32_t	
[2939]	0	0x200031FC	uint32_t	
[2940]	0	0x20003200	uint32_t	
[2941]	0	0x20003204	uint32_t	
[2942]	0	0x20003208	uint32_t	
[2943]	0	0x2000320C	uint32_t	
[2944]	0	0x20003210	uint32_t	
[2945]	0	0x20003214	uint32_t	
[2946]	0	0x20003218	uint32_t	
[2947]	0	0x2000321C	uint32_t	
[2948]	0	0x20003220	uint32_t	
[2949]	0	0x20003224	uint32_t	
[2950]	0	0x20003228	uint32_t	
[2951]	0	0x2000322C	uint32_t	
[2952]	0	0x20003230	uint32_t	
[2953]	0	0x20003234	uint32_t	
[2954]	0	0x20003238	uint32_t	
[2955]	0	0x2000323C	uint32_t	
[2956]	0	0x20003240	uint32_t	
[2957]	0	0x20003244	uint32_t	
[2958]	0	0x20003248	uint32_t	
[2959]	0	0x2000324C	uint32_t	
[2960]	0	0x20003250	uint32_t	
[2961]	0	0x20003254	uint32_t	
[2962]	0	0x20003258	uint32_t	
[2963]	0	0x2000325C	uint32_t	
[2964]	0	0x20003260	uint32_t	
[2965]	0	0x20003264	uint32_t	
[2966]	0	0x20003268	uint32_t	
[2967]	0	0x2000326C	uint32_t	
[2968]	0	0x20003270	uint32_t	
[2969]	0	0x20003274	uint32_t	
[2970]	0	0x20003278	uint32_t	
[2971]	0	0x2000327C	uint32_t	
[2972]	1	0x20003280	uint32_t	
[2973]	0	0x20003284	uint32_t	
[2974]	0	0x20003288	uint32_t	
[2975]	0	0x2000328C	uint32_t	
[2976]	0	0x20003290	uint32_t	
[2977]	0	0x20003294	uint32_t	
[2978]	0	0x20003298	uint32_t	
[2979]	0	0x2000329C	uint32_t	
[2980]	0	0x200032A0	uint32_t	
[2981]	0	0x200032A4	uint32_t	
[2982]	0	0x200032A8	uint32_t	
[2983]	0	0x200032AC	uint32_t	
[2984]	1	0x200032B0	uint32_t	
[2985]	0	0x200032B4	uint32_t	
[2986]	1	0x200032B8	uint32_t	
[2987]	0	0x200032BC	uint32_t	
[2988]	0	0x200032C0	uint32_t	
[2989]	0	0x200032C4	uint32_t	
[2990]	0	0x200032C8	uint32_t	
[2991]	0	0x200032CC	uint32_t	
[2992]	0	0x200032D0	uint32_t	
[2993]	0	0x200032D4	uint32_t	
[2994]	0	0x200032D8	uint32_t	
[2995]	0	0x200032DC	uint32_t	
[2996]	0	0x200032E0	uint32_t	
[2997]	1	0x200032E4	uint32_t	
[2998]	0	0x200032E8	uint32_t	
[2999]	0	0x200032EC	uint32_t	
[3000]	0	0x200032F0	uint32_t	
[3001]	0	0x200032F4	uint32_t	
[3002]	0	0x200032F8	uint32_t	
[3003]	1	0x200032FC	uint32_t	
[3004]	2	0x20003300	uint32_t	
[3005]	0	0x20003304	uint32_t	
[3006]	0	0x20003308	uint32_t	
[3007]	0	0x2000330C	uint32_t	
[3008]	0	0x20003310	uint32_t	
[3009]	0	0x20003314	uint32_t	
[3010]	0	0x20003318	uint32_t	
[3011]	0	0x2000331C	uint32_t	
[3012]	0	0x20003320	uint32_t	
[3013]	0	0x20003324	uint32_t	
[3014]	0	0x20003328	uint32_t	
[3015]	0	0x2000332C	uint32_t	
[3016]	0	0x20003330	uint32_t	
[3017]	0	0x20003334	uint32_t	
[3018]	0	0x20003338	uint32_t	
[3019]	0	0x2000333C	uint32_t	
[3020]	0	0x20003340	uint32_t	
[3021]	0	0x20003344	uint32_t	
[3022]	0	0x20003348	uint32_t	
[3023]	0	0x2000334C	uint32_t	
[3024]	0	0x20003350	uint32_t	
[3025]	0	0x20003354	uint32_t	
[3026]	0	0x20003358	uint32_t	
[3027]	0	0x2000335C	uint32_t	
[3028]	0	0x20003360	uint32_t	
[3029]	0	0x20003364	uint32_t	
[3030]	0	0x20003368	uint32_t	
[3031]	0	0x2000336C	uint32_t	
[3032]	0	0x20003370	uint32_t	
[3033]	0	0x20003374	uint32_t	
[3034]	0	0x20003378	uint32_t	
[3035]	0	0x2000337C	uint32_t	
[3036]	0	0x20003380	uint32_t	
[3037]	0	0x20003384	uint32_t	
[3038]	0	0x20003388	uint32_t	
[3039]	0	0x2000338C	uint32_t	
[3040]	0	0x20003390	uint32_t	
[3041]	0	0x20003394	uint32_t	
[3042]	0	0x20003398	uint32_t	
[3043]	0	0x2000339C	uint32_t	
[3044]	0	0x200033A0	uint32_t	
[3045]	0	0x200033A4	uint32_t	
[3046]	0	0x200033A8	uint32_t	
[3047]	0	0x200033AC	uint32_t	
[3048]	0	0x200033B0	uint32_t	
[3049]	0	0x200033B4	uint32_t	
[3050]	1	0x200033B8	uint32_t	
[3051]	0	0x200033BC	uint32_t	
[3052]	0	0x200033C0	uint32_t	
[3053]	0	0x200033C4	uint32_t	
[3054]	0	0x200033C8	uint32_t	
[3055]	0	0x200033CC	uint32_t	
[3056]	0	0x200033D0	uint32_t	
[3057]	0	0x200033D4	uint32_t	
[3058]	0	0x200033D8	uint32_t	
[3059]	0	0x200033DC	uint32_t	
[3060]	0	0x200033E0	uint32_t	
[3061]	0	0x200033E4	uint32_t	
[3062]	0	0x200033E8	uint32_t	
[3063]	0	0x200033EC	uint32_t	
[3064]	0	0x200033F0	uint32_t	
[3065]	0	0x200033F4	uint32_t	
[3066]	0	0x200033F8	uint32_t	
[3067]	0	0x200033FC	uint32_t	
[3068]	0	0x20003400	uint32_t	
[3069]	1	0x20003404	uint32_t	
[3070]	0	0x20003408	uint32_t	
[3071]	0	0x2000340C	uint32_t	
[3072]	0	0x20003410	uint32_t	
[3073]	0	0x20003414	uint32_t	
[3074]	0	0x20003418	uint32_t	
[3075]	0	0x2000341C	uint32_t	
[3076]	0	0x20003420	uint32_t	
[3077]	0	0x20003424	uint32_t	
[3078]	0	0x20003428	uint32_t	
[3079]	0	0x2000342C	uint32_t	
[3080]	0	0x20003430	uint32_t	
[3081]	0	0x20003434	uint32_t	
[3082]	0	0x20003438	uint32_t	
[3083]	0	0x2000343C	uint32_t	
[3084]	0	0x20003440	uint32_t	
[3085]	0	0x20003444	uint32_t	
[3086]	0	0x20003448	uint32_t	
[3087]	0	0x2000344C	uint32_t	
[3088]	0	0x20003450	uint32_t	
[3089]	0	0x20003454	uint32_t	
[3090]	0	0x20003458	uint32_t	
[3091]	0	0x2000345C	uint32_t	
[3092]	0	0x20003460	uint32_t	
[3093]	0	0x20003464	uint32_t	
[3094]	0	0x20003468	uint32_t	
[3095]	0	0x2000346C	uint32_t	
[3096]	0	0x20003470	uint32_t	
[3097]	0	0x20003474	uint32_t	
[3098]	0	0x20003478	uint32_t	
[3099]	0	0x2000347C	uint32_t	
[3100]	0	0x20003480	uint32_t	
[3101]	0	0x20003484	uint32_t	
[3102]	1	0x20003488	uint32_t	
[3103]	0	0x2000348C	uint32_t	
[3104]	0	0x20003490	uint32_t	
[3105]	0	0x20003494	uint32_t	
[3106]	0	0x20003498	uint32_t	
[3107]	0	0x2000349C	uint32_t	
[3108]	0	0x200034A0	uint32_t	
[3109]	0	0x200034A4	uint32_t	
[3110]	0	0x200034A8	uint32_t	
[3111]	0	0x200034AC	uint32_t	
[3112]	0	0x200034B0	uint32_t	
[3113]	0	0x200034B4	uint32_t	
[3114]	0	0x200034B8	uint32_t	
[3115]	0	0x200034BC	uint32_t	
[3116]	0	0x200034C0	uint32_t	
[3117]	0	0x200034C4	uint32_t	
[3118]	0	0x200034C8	uint32_t	
[3119]	0	0x200034CC	uint32_t	
[3120]	0	0x200034D0	uint32_t	
[3121]	0	0x200034D4	uint32_t	
[3122]	0	0x200034D8	uint32_t	
[3123]	0	0x200034DC	uint32_t	
[3124]	0	0x200034E0	uint32_t	
[3125]	0	0x200034E4	uint32_t	
[3126]	0	0x200034E8	uint32_t	
[3127]	1	0x200034EC	uint32_t	
[3128]	0	0x200034F0	uint32_t	
[3129]	0	0x200034F4	uint32_t	
[3130]	0	0x200034F8	uint32_t	
[3131]	0	0x200034FC	uint32_t	
[3132]	0	0x20003500	uint32_t	
[3133]	0	0x20003504	uint32_t	
[3134]	0	0x20003508	uint32_t	
[3135]	0	0x2000350C	uint32_t	
[3136]	0	0x20003510	uint32_t	
[3137]	0	0x20003514	uint32_t	
[3138]	0	0x20003518	uint32_t	
[3139]	0	0x2000351C	uint32_t	
[3140]	0	0x20003520	uint32_t	
[3141]	0	0x20003524	uint32_t	
[3142]	0	0x20003528	uint32_t	
[3143]	0	0x2000352C	uint32_t	
[3144]	0	0x20003530	uint32_t	
[3145]	0	0x20003534	uint32_t	
[3146]	0	0x20003538	uint32_t	
[3147]	0	0x2000353C	uint32_t	
[3148]	0	0x20003540	uint32_t	
[3149]	0	0x20003544	uint32_t	
[3150]	0	0x20003548	uint32_t	
[3151]	0	0x2000354C	uint32_t	
[3152]	0	0x20003550	uint32_t	
[3153]	0	0x20003554	uint32_t	
[3154]	1	0x20003558	uint32_t	
[3155]	0	0x2000355C	uint32_t	
[3156]	1	0x20003560	uint32_t	
[3157]	1	0x20003564	uint32_t	
[3158]	1	0x20003568	uint32_t	
[3159]	0	0x2000356C	uint32_t	
[3160]	0	0x20003570	uint32_t	
[3161]	1	0x20003574	uint32_t	
[3162]	0	0x20003578	uint32_t	
[3163]	0	0x2000357C	uint32_t	
[3164]	0	0x20003580	uint32_t	
[3165]	0	0x20003584	uint32_t	
[3166]	0	0x20003588	uint32_t	
[3167]	0	0x2000358C	uint32_t	
[3168]	0	0x20003590	uint32_t	
[3169]	0	0x20003594	uint32_t	
[3170]	0	0x20003598	uint32_t	
[3171]	0	0x2000359C	uint32_t	
[3172]	0	0x200035A0	uint32_t	
[3173]	0	0x200035A4	uint32_t	
[3174]	0	0x200035A8	uint32_t	
[3175]	0	0x200035AC	uint32_t	
[3176]	0	0x200035B0	uint32_t	
[3177]	0	0x200035B4	uint32_t	
[3178]	0	0x200035B8	uint32_t	
[3179]	0	0x200035BC	uint32_t	
[3180]	0	0x200035C0	uint32_t	
[3181]	0	0x200035C4	uint32_t	
[3182]	0	0x200035C8	uint32_t	
[3183]	0	0x200035CC	uint32_t	
[3184]	0	0x200035D0	uint32_t	
[3185]	0	0x200035D4	uint32_t	
[3186]	0	0x200035D8	uint32_t	
[3187]	0	0x200035DC	uint32_t	
[3188]	0	0x200035E0	uint32_t	
[3189]	0	0x200035E4	uint32_t	
[3190]	0	0x200035E8	uint32_t	
[3191]	0	0x200035EC	uint32_t	
[3192]	0	0x200035F0	uint32_t	
[3193]	0	0x200035F4	uint32_t	
[3194]	0	0x200035F8	uint32_t	
[3195]	0	0x200035FC	uint32_t	
[3196]	0	0x20003600	uint32_t	
[3197]	1	0x20003604	uint32_t	
[3198]	0	0x20003608	uint32_t	
[3199]	0	0x2000360C	uint32_t	
[3200]	0	0x20003610	uint32_t	
[3201]	0	0x20003614	uint32_t	
[3202]	0	0x20003618	uint32_t	
[3203]	0	0x2000361C	uint32_t	
[3204]	0	0x20003620	uint32_t	
[3205]	0	0x20003624	uint32_t	
[3206]	0	0x20003628	uint32_t	
[3207]	1	0x2000362C	uint32_t	
[3208]	0	0x20003630	uint32_t	
[3209]	0	0x20003634	uint32_t	
[3210]	0	0x20003638	uint32_t	
[3211]	1	0x2000363C	uint32_t	
[3212]	1	0x20003640	uint32_t	
[3213]	0	0x20003644	uint32_t	
[3214]	0	0x20003648	uint32_t	
[3215]	0	0x2000364C	uint32_t	
[3216]	0	0x20003650	uint32_t	
[3217]	0	0x20003654	uint32_t	
[3218]	0	0x20003658	uint32_t	
[3219]	0	0x2000365C	uint32_t	
[3220]	0	0x20003660	uint32_t	
[3221]	0	0x20003664	uint32_t	
[3222]	0	0x20003668	uint32_t	
[3223]	0	0x2000366C	uint32_t	
[3224]	1	0x20003670	uint32_t	
[3225]	0	0x20003674	uint32_t	
[3226]	0	0x20003678	uint32_t	
[3227]	0	0x2000367C	uint32_t	
[3228]	0	0x20003680	uint32_t	
[3229]	0	0x20003684	uint32_t	
[3230]	0	0x20003688	uint32_t	
[3231]	0	0x2000368C	uint32_t	
[3232]	0	0x20003690	uint32_t	
[3233]	0	0x20003694	uint32_t	
[3234]	0	0x20003698	uint32_t	
[3235]	0	0x2000369C	uint32_t	
[3236]	0	0x200036A0	uint32_t	
[3237]	0	0x200036A4	uint32_t	
[3238]	0	0x200036A8	uint32_t	
[3239]	0	0x200036AC	uint32_t	
[3240]	0	0x200036B0	uint32_t	
[3241]	1	0x200036B4	uint32_t	
[3242]	0	0x200036B8	uint32_t	
[3243]	0	0x200036BC	uint32_t	
[3244]	0	0x200036C0	uint32_t	
[3245]	0	0x200036C4	uint32_t	
[3246]	0	0x200036C8	uint32_t	
[3247]	0	0x200036CC	uint32_t	
[3248]	0	0x200036D0	uint32_t	
[3249]	0	0x200036D4	uint32_t	
[3250]	0	0x200036D8	uint32_t	
[3251]	0	0x200036DC	uint32_t	
[3252]	0	0x200036E0	uint32_t	
[3253]	0	0x200036E4	uint32_t	
[3254]	0	0x200036E8	uint32_t	
[3255]	0	0x200036EC	uint32_t	
[3256]	0	0x200036F0	uint32_t	
[3257]	0	0x200036F4	uint32_t	
[3258]	0	0x200036F8	uint32_t	
[3259]	0	0x200036FC	uint32_t	
[3260]	0	0x20003700	uint32_t	
[3261]	0	0x20003704	uint32_t	
[3262]	0	0x20003708	uint32_t	
[3263]	0	0x2000370C	uint32_t	
[3264]	0	0x20003710	uint32_t	
[3265]	0	0x20003714	uint32_t	
[3266]	0	0x20003718	uint32_t	
[3267]	0	0x2000371C	uint32_t	
[3268]	0	0x20003720	uint32_t	
[3269]	0	0x20003724	uint32_t	
[3270]	0	0x20003728	uint32_t	
[3271]	0	0x2000372C	uint32_t	
[3272]	0	0x20003730	uint32_t	
[3273]	0	0x20003734	uint32_t	
[3274]	0	0x20003738	uint32_t	
[3275]	0	0x2000373C	uint32_t	
[3276]	0	0x20003740	uint32_t	
[3277]	1	0x20003744	uint32_t	
[3278]	0	0x20003748	uint32_t	
[3279]	0	0x2000374C	uint32_t	
[3280]	0	0x20003750	uint32_t	
[3281]	0	0x20003754	uint32_t	
[3282]	0	0x20003758	uint32_t	
[3283]	0	0x2000375C	uint32_t	
[3284]	0	0x20003760	uint32_t	
[3285]	0	0x20003764	uint32_t	
[3286]	0	0x20003768	uint32_t	
[3287]	0	0x2000376C	uint32_t	
[3288]	0	0x20003770	uint32_t	
[3289]	0	0x20003774	uint32_t	
[3290]	0	0x20003778	uint32_t	
[3291]	0	0x2000377C	uint32_t	
[3292]	0	0x20003780	uint32_t	
[3293]	0	0x20003784	uint32_t	
[3294]	0	0x20003788	uint32_t	
[3295]	0	0x2000378C	uint32_t	
[3296]	0	0x20003790	uint32_t	
[3297]	0	0x20003794	uint32_t	
[3298]	0	0x20003798	uint32_t	
[3299]	0	0x2000379C	uint32_t	
[3300]	0	0x200037A0	uint32_t	
[3301]	0	0x200037A4	uint32_t	
[3302]	0	0x200037A8	uint32_t	
[3303]	0	0x200037AC	uint32_t	
[3304]	0	0x200037B0	uint32_t	
[3305]	0	0x200037B4	uint32_t	
[3306]	0	0x200037B8	uint32_t	
[3307]	0	0x200037BC	uint32_t	
[3308]	0	0x200037C0	uint32_t	
[3309]	0	0x200037C4	uint32_t	
[3310]	0	0x200037C8	uint32_t	
[3311]	0	0x200037CC	uint32_t	
[3312]	0	0x200037D0	uint32_t	
[3313]	1	0x200037D4	uint32_t	
[3314]	0	0x200037D8	uint32_t	
[3315]	0	0x200037DC	uint32_t	
[3316]	0	0x200037E0	uint32_t	
[3317]	0	0x200037E4	uint32_t	
[3318]	0	0x200037E8	uint32_t	
[3319]	1	0x200037EC	uint32_t	
[3320]	0	0x200037F0	uint32_t	
[3321]	0	0x200037F4	uint32_t	
[3322]	0	0x200037F8	uint32_t	
[3323]	0	0x200037FC	uint32_t	
[3324]	0	0x20003800	uint32_t	
[3325]	0	0x20003804	uint32_t	
[3326]	0	0x20003808	uint32_t	
[3327]	0	0x2000380C	uint32_t	
[3328]	0	0x20003810	uint32_t	
[3329]	0	0x20003814	uint32_t	
[3330]	0	0x20003818	uint32_t	
[3331]	0	0x2000381C	uint32_t	
[3332]	0	0x20003820	uint32_t	
[3333]	0	0x20003824	uint32_t	
[3334]	0	0x20003828	uint32_t	
[3335]	0	0x2000382C	uint32_t	
[3336]	0	0x20003830	uint32_t	
[3337]	0	0x20003834	uint32_t	
[3338]	0	0x20003838	uint32_t	
[3339]	0	0x2000383C	uint32_t	
[3340]	0	0x20003840	uint32_t	
[3341]	0	0x20003844	uint32_t	
[3342]	0	0x20003848	uint32_t	
[3343]	0	0x2000384C	uint32_t	
[3344]	0	0x20003850	uint32_t	
[3345]	0	0x20003854	uint32_t	
[3346]	0	0x20003858	uint32_t	
[3347]	0	0x2000385C	uint32_t	
[3348]	0	0x20003860	uint32_t	
[3349]	0	0x20003864	uint32_t	
[3350]	0	0x20003868	uint32_t	
[3351]	0	0x2000386C	uint32_t	
[3352]	0	0x20003870	uint32_t	
[3353]	0	0x20003874	uint32_t	
[3354]	1	0x20003878	uint32_t	
[3355]	0	0x2000387C	uint32_t	
[3356]	1	0x20003880	uint32_t	
[3357]	0	0x20003884	uint32_t	
[3358]	0	0x20003888	uint32_t	
[3359]	0	0x2000388C	uint32_t	
[3360]	0	0x20003890	uint32_t	
[3361]	0	0x20003894	uint32_t	
[3362]	0	0x20003898	uint32_t	
[3363]	0	0x2000389C	uint32_t	
[3364]	0	0x200038A0	uint32_t	
[3365]	0	0x200038A4	uint32_t	
[3366]	0	0x200038A8	uint32_t	
[3367]	0	0x200038AC	uint32_t	
[3368]	0	0x200038B0	uint32_t	
[3369]	0	0x200038B4	uint32_t	
[3370]	0	0x200038B8	uint32_t	
[3371]	0	0x200038BC	uint32_t	
[3372]	0	0x200038C0	uint32_t	
[3373]	0	0x200038C4	uint32_t	
[3374]	1	0x200038C8	uint32_t	
[3375]	0	0x200038CC	uint32_t	
[3376]	0	0x200038D0	uint32_t	
[3377]	0	0x200038D4	uint32_t	
[3378]	0	0x200038D8	uint32_t	
[3379]	0	0x200038DC	uint32_t	
[3380]	0	0x200038E0	uint32_t	
[3381]	0	0x200038E4	uint32_t	
[3382]	0	0x200038E8	uint32_t	
[3383]	0	0x200038EC	uint32_t	
[3384]	0	0x200038F0	uint32_t	
[3385]	0	0x200038F4	uint32_t	
[3386]	0	0x200038F8	uint32_t	
[3387]	0	0x200038FC	uint32_t	
[3388]	0	0x20003900	uint32_t	
[3389]	1	0x20003904	uint32_t	
[3390]	0	0x20003908	uint32_t	
[3391]	0	0x2000390C	uint32_t	
[3392]	0	0x20003910	uint32_t	
[3393]	0	0x20003914	uint32_t	
[3394]	0	0x20003918	uint32_t	
[3395]	0	0x2000391C	uint32_t	
[3396]	0	0x20003920	uint32_t	
[3397]	0	0x20003924	uint32_t	
[3398]	0	0x20003928	uint32_t	
[3399]	0	0x2000392C	uint32_t	
[3400]	0	0x20003930	uint32_t	
[3401]	0	0x20003934	uint32_t	
[3402]	0	0x20003938	uint32_t	
[3403]	0	0x2000393C	uint32_t	
[3404]	0	0x20003940	uint32_t	
[3405]	0	0x20003944	uint32_t	
[3406]	0	0x20003948	uint32_t	
[3407]	0	0x2000394C	uint32_t	
[3408]	0	0x20003950	uint32_t	
[3409]	0	0x20003954	uint32_t	
[3410]	0	0x20003958	uint32_t	
[3411]	0	0x2000395C	uint32_t	
[3412]	0	0x20003960	uint32_t	
[3413]	0	0x20003964	uint32_t	
[3414]	0	0x20003968	uint32_t	
[3415]	0	0x2000396C	uint32_t	
[3416]	0	0x20003970	uint32_t	
[3417]	0	0x20003974	uint32_t	
[3418]	0	0x20003978	uint32_t	
[3419]	0	0x2000397C	uint32_t	
[3420]	0	0x20003980	uint32_t	
[3421]	0	0x20003984	uint32_t	
[3422]	0	0x20003988	uint32_t	
[3423]	0	0x2000398C	uint32_t	
[3424]	0	0x20003990	uint32_t	
[3425]	0	0x20003994	uint32_t	
[3426]	0	0x20003998	uint32_t	
[3427]	0	0x2000399C	uint32_t	
[3428]	0	0x200039A0	uint32_t	
[3429]	0	0x200039A4	uint32_t	
[3430]	0	0x200039A8	uint32_t	
[3431]	0	0x200039AC	uint32_t	
[3432]	0	0x200039B0	uint32_t	
[3433]	0	0x200039B4	uint32_t	
[3434]	0	0x200039B8	uint32_t	
[3435]	0	0x200039BC	uint32_t	
[3436]	0	0x200039C0	uint32_t	
[3437]	0	0x200039C4	uint32_t	
[3438]	0	0x200039C8	uint32_t	
[3439]	0	0x200039CC	uint32_t	
[3440]	0	0x200039D0	uint32_t	
[3441]	0	0x200039D4	uint32_t	
[3442]	0	0x200039D8	uint32_t	
[3443]	0	0x200039DC	uint32_t	
[3444]	0	0x200039E0	uint32_t	
[3445]	0	0x200039E4	uint32_t	
[3446]	0	0x200039E8	uint32_t	
[3447]	0	0x200039EC	uint32_t	
[3448]	0	0x200039F0	uint32_t	
[3449]	0	0x200039F4	uint32_t	
[3450]	0	0x200039F8	uint32_t	
[3451]	1	0x200039FC	uint32_t	
[3452]	0	0x20003A00	uint32_t	
[3453]	0	0x20003A04	uint32_t	
[3454]	0	0x20003A08	uint32_t	
[3455]	0	0x20003A0C	uint32_t	
[3456]	0	0x20003A10	uint32_t	
[3457]	0	0x20003A14	uint32_t	
[3458]	0	0x20003A18	uint32_t	
[3459]	0	0x20003A1C	uint32_t	
[3460]	0	0x20003A20	uint32_t	
[3461]	0	0x20003A24	uint32_t	
[3462]	0	0x20003A28	uint32_t	
[3463]	0	0x20003A2C	uint32_t	
[3464]	0	0x20003A30	uint32_t	
[3465]	0	0x20003A34	uint32_t	
[3466]	0	0x20003A38	uint32_t	
[3467]	0	0x20003A3C	uint32_t	
[3468]	0	0x20003A40	uint32_t	
[3469]	0	0x20003A44	uint32_t	
[3470]	0	0x20003A48	uint32_t	
[3471]	0	0x20003A4C	uint32_t	
[3472]	0	0x20003A50	uint32_t	
[3473]	0	0x20003A54	uint32_t	
[3474]	0	0x20003A58	uint32_t	
[3475]	1	0x20003A5C	uint32_t	
[3476]	1	0x20003A60	uint32_t	
[3477]	0	0x20003A64	uint32_t	
[3478]	1	0x20003A68	uint32_t	
[3479]	0	0x20003A6C	uint32_t	
[3480]	0	0x20003A70	uint32_t	
[3481]	0	0x20003A74	uint32_t	
[3482]	0	0x20003A78	uint32_t	
[3483]	0	0x20003A7C	uint32_t	
[3484]	0	0x20003A80	uint32_t	
[3485]	0	0x20003A84	uint32_t	
[3486]	0	0x20003A88	uint32_t	
[3487]	0	0x20003A8C	uint32_t	
[3488]	0	0x20003A90	uint32_t	
[3489]	0	0x20003A94	uint32_t	
[3490]	0	0x20003A98	uint32_t	
[3491]	0	0x20003A9C	uint32_t	
[3492]	0	0x20003AA0	uint32_t	
[3493]	0	0x20003AA4	uint32_t	
[3494]	0	0x20003AA8	uint32_t	
[3495]	0	0x20003AAC	uint32_t	
[3496]	0	0x20003AB0	uint32_t	
[3497]	0	0x20003AB4	uint32_t	
[3498]	0	0x20003AB8	uint32_t	
[3499]	0	0x20003ABC	uint32_t	
[3500]	0	0x20003AC0	uint32_t	
[3501]	0	0x20003AC4	uint32_t	
[3502]	0	0x20003AC8	uint32_t	
[3503]	0	0x20003ACC	uint32_t	
[3504]	0	0x20003AD0	uint32_t	
[3505]	0	0x20003AD4	uint32_t	
[3506]	0	0x20003AD8	uint32_t	
[3507]	0	0x20003ADC	uint32_t	
[3508]	0	0x20003AE0	uint32_t	
[3509]	0	0x20003AE4	uint32_t	
[3510]	0	0x20003AE8	uint32_t	
[3511]	1	0x20003AEC	uint32_t	
[3512]	0	0x20003AF0	uint32_t	
[3513]	0	0x20003AF4	uint32_t	
[3514]	0	0x20003AF8	uint32_t	
[3515]	0	0x20003AFC	uint32_t	
[3516]	0	0x20003B00	uint32_t	
[3517]	0	0x20003B04	uint32_t	
[3518]	0	0x20003B08	uint32_t	
[3519]	0	0x20003B0C	uint32_t	
[3520]	0	0x20003B10	uint32_t	
[3521]	0	0x20003B14	uint32_t	
[3522]	0	0x20003B18	uint32_t	
[3523]	0	0x20003B1C	uint32_t	
[3524]	0	0x20003B20	uint32_t	
[3525]	0	0x20003B24	uint32_t	
[3526]	0	0x20003B28	uint32_t	
[3527]	0	0x20003B2C	uint32_t	
[3528]	0	0x20003B30	uint32_t	
[3529]	0	0x20003B34	uint32_t	
[3530]	0	0x20003B38	uint32_t	
[3531]	0	0x20003B3C	uint32_t	
[3532]	0	0x20003B40	uint32_t	
[3533]	0	0x20003B44	uint32_t	
[3534]	0	0x20003B48	uint32_t	
[3535]	0	0x20003B4C	uint32_t	
[3536]	0	0x20003B50	uint32_t	
[3537]	0	0x20003B54	uint32_t	
[3538]	0	0x20003B58	uint32_t	
[3539]	0	0x20003B5C	uint32_t	
[3540]	0	0x20003B60	uint32_t	
[3541]	0	0x20003B64	uint32_t	
[3542]	0	0x20003B68	uint32_t	
[3543]	0	0x20003B6C	uint32_t	
[3544]	0	0x20003B70	uint32_t	
[3545]	0	0x20003B74	uint32_t	
[3546]	0	0x20003B78	uint32_t	
[3547]	0	0x20003B7C	uint32_t	
[3548]	0	0x20003B80	uint32_t	
[3549]	0	0x20003B84	uint32_t	
[3550]	0	0x20003B88	uint32_t	
[3551]	0	0x20003B8C	uint32_t	
[3552]	0	0x20003B90	uint32_t	
[3553]	0	0x20003B94	uint32_t	
[3554]	0	0x20003B98	uint32_t	
[3555]	0	0x20003B9C	uint32_t	
[3556]	0	0x20003BA0	uint32_t	
[3557]	0	0x20003BA4	uint32_t	
[3558]	1	0x20003BA8	uint32_t	
[3559]	0	0x20003BAC	uint32_t	
[3560]	0	0x20003BB0	uint32_t	
[3561]	0	0x20003BB4	uint32_t	
[3562]	0	0x20003BB8	uint32_t	
[3563]	0	0x20003BBC	uint32_t	
[3564]	0	0x20003BC0	uint32_t	
[3565]	0	0x20003BC4	uint32_t	
[3566]	0	0x20003BC8	uint32_t	
[3567]	0	0x20003BCC	uint32_t	
[3568]	0	0x20003BD0	uint32_t	
[3569]	1	0x20003BD4	uint32_t	
[3570]	0	0x20003BD8	uint32_t	
[3571]	0	0x20003BDC	uint32_t	
[3572]	0	0x20003BE0	uint32_t	
[3573]	0	0x20003BE4	uint32_t	
[3574]	0	0x20003BE8	uint32_t	
[3575]	0	0x20003BEC	uint32_t	
[3576]	0	0x20003BF0	uint32_t	
[3577]	1	0x20003BF4	uint32_t	
[3578]	0	0x20003BF8	uint32_t	
[3579]	0	0x20003BFC	uint32_t	
[3580]	1	0x20003C00	uint32_t	
[3581]	0	0x20003C04	uint32_t	
[3582]	0	0x20003C08	uint32_t	
[3583]	0	0x20003C0C	uint32_t	
[3584]	0	0x20003C10	uint32_t	
[3585]	0	0x20003C14	uint32_t	
[3586]	0	0x20003C18	uint32_t	
[3587]	0	0x20003C1C	uint32_t	
[3588]	0	0x20003C20	uint32_t	
[3589]	0	0x20003C24	uint32_t	
[3590]	0	0x20003C28	uint32_t	
[3591]	0	0x20003C2C	uint32_t	
[3592]	0	0x20003C30	uint32_t	
[3593]	1	0x20003C34	uint32_t	
[3594]	0	0x20003C38	uint32_t	
[3595]	0	0x20003C3C	uint32_t	
[3596]	0	0x20003C40	uint32_t	
[3597]	0	0x20003C44	uint32_t	
[3598]	0	0x20003C48	uint32_t	
[3599]	0	0x20003C4C	uint32_t	
[3600]	0	0x20003C50	uint32_t	
[3601]	0	0x20003C54	uint32_t	
[3602]	0	0x20003C58	uint32_t	
[3603]	0	0x20003C5C	uint32_t	
[3604]	0	0x20003C60	uint32_t	
[3605]	0	0x20003C64	uint32_t	
[3606]	0	0x20003C68	uint32_t	
[3607]	0	0x20003C6C	uint32_t	
[3608]	0	0x20003C70	uint32_t	
[3609]	0	0x20003C74	uint32_t	
[3610]	0	0x20003C78	uint32_t	
[3611]	0	0x20003C7C	uint32_t	
[3612]	0	0x20003C80	uint32_t	
[3613]	0	0x20003C84	uint32_t	
[3614]	0	0x20003C88	uint32_t	
[3615]	0	0x20003C8C	uint32_t	
[3616]	0	0x20003C90	uint32_t	
[3617]	0	0x20003C94	uint32_t	
[3618]	0	0x20003C98	uint32_t	
[3619]	0	0x20003C9C	uint32_t	
[3620]	0	0x20003CA0	uint32_t	
[3621]	0	0x20003CA4	uint32_t	
[3622]	1	0x20003CA8	uint32_t	
[3623]	0	0x20003CAC	uint32_t	
[3624]	0	0x20003CB0	uint32_t	
[3625]	0	0x20003CB4	uint32_t	
[3626]	0	0x20003CB8	uint32_t	
[3627]	0	0x20003CBC	uint32_t	
[3628]	0	0x20003CC0	uint32_t	
[3629]	0	0x20003CC4	uint32_t	
[3630]	0	0x20003CC8	uint32_t	
[3631]	0	0x20003CCC	uint32_t	
[3632]	0	0x20003CD0	uint32_t	
[3633]	0	0x20003CD4	uint32_t	
[3634]	0	0x20003CD8	uint32_t	
[3635]	0	0x20003CDC	uint32_t	
[3636]	0	0x20003CE0	uint32_t	
[3637]	0	0x20003CE4	uint32_t	
[3638]	0	0x20003CE8	uint32_t	
[3639]	0	0x20003CEC	uint32_t	
[3640]	0	0x20003CF0	uint32_t	
[3641]	0	0x20003CF4	uint32_t	
[3642]	0	0x20003CF8	uint32_t	
[3643]	0	0x20003CFC	uint32_t	
[3644]	0	0x20003D00	uint32_t	
[3645]	0	0x20003D04	uint32_t	
[3646]	0	0x20003D08	uint32_t	
[3647]	0	0x20003D0C	uint32_t	
[3648]	0	0x20003D10	uint32_t	
[3649]	0	0x20003D14	uint32_t	
[3650]	0	0x20003D18	uint32_t	
[3651]	0	0x20003D1C	uint32_t	
[3652]	0	0x20003D20	uint32_t	
[3653]	0	0x20003D24	uint32_t	
[3654]	0	0x20003D28	uint32_t	
[3655]	0	0x20003D2C	uint32_t	
[3656]	0	0x20003D30	uint32_t	
[3657]	0	0x20003D34	uint32_t	
[3658]	0	0x20003D38	uint32_t	
[3659]	0	0x20003D3C	uint32_t	
[3660]	0	0x20003D40	uint32_t	
[3661]	0	0x20003D44	uint32_t	
[3662]	0	0x20003D48	uint32_t	
[3663]	0	0x20003D4C	uint32_t	
[3664]	0	0x20003D50	uint32_t	
[3665]	0	0x20003D54	uint32_t	
[3666]	0	0x20003D58	uint32_t	
[3667]	0	0x20003D5C	uint32_t	
[3668]	0	0x20003D60	uint32_t	
[3669]	0	0x20003D64	uint32_t	
[3670]	0	0x20003D68	uint32_t	
[3671]	0	0x20003D6C	uint32_t	
[3672]	0	0x20003D70	uint32_t	
[3673]	0	0x20003D74	uint32_t	
[3674]	0	0x20003D78	uint32_t	
[3675]	0	0x20003D7C	uint32_t	
[3676]	0	0x20003D80	uint32_t	
[3677]	0	0x20003D84	uint32_t	
[3678]	0	0x20003D88	uint32_t	
[3679]	0	0x20003D8C	uint32_t	
[3680]	0	0x20003D90	uint32_t	
[3681]	0	0x20003D94	uint32_t	
[3682]	0	0x20003D98	uint32_t	
[3683]	0	0x20003D9C	uint32_t	
[3684]	0	0x20003DA0	uint32_t	
[3685]	0	0x20003DA4	uint32_t	
[3686]	0	0x20003DA8	uint32_t	
[3687]	0	0x20003DAC	uint32_t	
[3688]	0	0x20003DB0	uint32_t	
[3689]	0	0x20003DB4	uint32_t	
[3690]	0	0x20003DB8	uint32_t	
[3691]	0	0x20003DBC	uint32_t	
[3692]	0	0x20003DC0	uint32_t	
[3693]	0	0x20003DC4	uint32_t	
[3694]	0	0x20003DC8	uint32_t	
[3695]	0	0x20003DCC	uint32_t	
[3696]	0	0x20003DD0	uint32_t	
[3697]	0	0x20003DD4	uint32_t	
[3698]	0	0x20003DD8	uint32_t	
[3699]	0	0x20003DDC	uint32_t	
[3700]	0	0x20003DE0	uint32_t	
[3701]	0	0x20003DE4	uint32_t	
[3702]	0	0x20003DE8	uint32_t	
[3703]	0	0x20003DEC	uint32_t	
[3704]	0	0x20003DF0	uint32_t	
[3705]	0	0x20003DF4	uint32_t	
[3706]	0	0x20003DF8	uint32_t	
[3707]	0	0x20003DFC	uint32_t	
[3708]	0	0x20003E00	uint32_t	
[3709]	0	0x20003E04	uint32_t	
[3710]	0	0x20003E08	uint32_t	
[3711]	0	0x20003E0C	uint32_t	
[3712]	0	0x20003E10	uint32_t	
[3713]	0	0x20003E14	uint32_t	
[3714]	0	0x20003E18	uint32_t	
[3715]	0	0x20003E1C	uint32_t	
[3716]	0	0x20003E20	uint32_t	
[3717]	0	0x20003E24	uint32_t	
[3718]	0	0x20003E28	uint32_t	
[3719]	0	0x20003E2C	uint32_t	
[3720]	0	0x20003E30	uint32_t	
[3721]	0	0x20003E34	uint32_t	
[3722]	0	0x20003E38	uint32_t	
[3723]	0	0x20003E3C	uint32_t	
[3724]	0	0x20003E40	uint32_t	
[3725]	0	0x20003E44	uint32_t	
[3726]	0	0x20003E48	uint32_t	
[3727]	0	0x20003E4C	uint32_t	
[3728]	0	0x20003E50	uint32_t	
[3729]	0	0x20003E54	uint32_t	
[3730]	0	0x20003E58	uint32_t	
[3731]	0	0x20003E5C	uint32_t	
[3732]	0	0x20003E60	uint32_t	
[3733]	0	0x20003E64	uint32_t	
[3734]	0	0x20003E68	uint32_t	
[3735]	0	0x20003E6C	uint32_t	
[3736]	0	0x20003E70	uint32_t	
[3737]	0	0x20003E74	uint32_t	
[3738]	0	0x20003E78	uint32_t	
[3739]	0	0x20003E7C	uint32_t	
[3740]	0	0x20003E80	uint32_t	
[3741]	0	0x20003E84	uint32_t	
[3742]	0	0x20003E88	uint32_t	
[3743]	0	0x20003E8C	uint32_t	
[3744]	0	0x20003E90	uint32_t	
[3745]	0	0x20003E94	uint32_t	
[3746]	0	0x20003E98	uint32_t	
[3747]	0	0x20003E9C	uint32_t	
[3748]	0	0x20003EA0	uint32_t	
[3749]	0	0x20003EA4	uint32_t	
[3750]	0	0x20003EA8	uint32_t	
[3751]	0	0x20003EAC	uint32_t	
[3752]	0	0x20003EB0	uint32_t	
[3753]	0	0x20003EB4	uint32_t	
[3754]	0	0x20003EB8	uint32_t	
[3755]	0	0x20003EBC	uint32_t	
[3756]	0	0x20003EC0	uint32_t	
[3757]	0	0x20003EC4	uint32_t	
[3758]	0	0x20003EC8	uint32_t	
[3759]	0	0x20003ECC	uint32_t	
[3760]	0	0x20003ED0	uint32_t	
[3761]	0	0x20003ED4	uint32_t	
[3762]	0	0x20003ED8	uint32_t	
[3763]	0	0x20003EDC	uint32_t	
[3764]	0	0x20003EE0	uint32_t	
[3765]	0	0x20003EE4	uint32_t	
[3766]	0	0x20003EE8	uint32_t	
[3767]	0	0x20003EEC	uint32_t	
[3768]	0	0x20003EF0	uint32_t	
[3769]	0	0x20003EF4	uint32_t	
[3770]	0	0x20003EF8	uint32_t	
[3771]	0	0x20003EFC	uint32_t	
[3772]	0	0x20003F00	uint32_t	
[3773]	0	0x20003F04	uint32_t	
[3774]	0	0x20003F08	uint32_t	
[3775]	0	0x20003F0C	uint32_t	
[3776]	0	0x20003F10	uint32_t	
[3777]	0	0x20003F14	uint32_t	
[3778]	0	0x20003F18	uint32_t	
[3779]	0	0x20003F1C	uint32_t	
[3780]	0	0x20003F20	uint32_t	
[3781]	0	0x20003F24	uint32_t	
[3782]	0	0x20003F28	uint32_t	
[3783]	0	0x20003F2C	uint32_t	
[3784]	0	0x20003F30	uint32_t	
[3785]	0	0x20003F34	uint32_t	
[3786]	0	0x20003F38	uint32_t	
[3787]	0	0x20003F3C	uint32_t	
[3788]	0	0x20003F40	uint32_t	
[3789]	0	0x20003F44	uint32_t	
[3790]	0	0x20003F48	uint32_t	
[3791]	0	0x20003F4C	uint32_t	
[3792]	0	0x20003F50	uint32_t	
[3793]	0	0x20003F54	uint32_t	
[3794]	0	0x20003F58	uint32_t	
[3795]	0	0x20003F5C	uint32_t	
[3796]	0	0x20003F60	uint32_t	
[3797]	0	0x20003F64	uint32_t	
[3798]	0	0x20003F68	uint32_t	
[3799]	0	0x20003F6C	uint32_t	
[3800]	0	0x20003F70	uint32_t	
[3801]	0	0x20003F74	uint32_t	
[3802]	0	0x20003F78	uint32_t	
[3803]	0	0x20003F7C	uint32_t	
[3804]	0	0x20003F80	uint32_t	
[3805]	0	0x20003F84	uint32_t	
[3806]	0	0x20003F88	uint32_t	
[3807]	0	0x20003F8C	uint32_t	
[3808]	0	0x20003F90	uint32_t	
[3809]	0	0x20003F94	uint32_t	
[3810]	0	0x20003F98	uint32_t	
[3811]	0	0x20003F9C	uint32_t	
[3812]	0	0x20003FA0	uint32_t	
[3813]	0	0x20003FA4	uint32_t	
[3814]	0	0x20003FA8	uint32_t	
[3815]	0	0x20003FAC	uint32_t	
[3816]	0	0x20003FB0	uint32_t	
[3817]	0	0x20003FB4	uint32_t	
[3818]	0	0x20003FB8	uint32_t	
[3819]	0	0x20003FBC	uint32_t	
[3820]	0	0x20003FC0	uint32_t	
[3821]	0	0x20003FC4	uint32_t	
[3822]	0	0x20003FC8	uint32_t	
[3823]	0	0x20003FCC	uint32_t	
[3824]	0	0x20003FD0	uint32_t	
[3825]	0	0x20003FD4	uint32_t	
[3826]	0	0x20003FD8	uint32_t	
[3827]	0	0x20003FDC	uint32_t	
[3828]	0	0x20003FE0	uint32_t	
[3829]	0	0x20003FE4	uint32_t	
[3830]	0	0x20003FE8	uint32_t	
[3831]	0	0x20003FEC	uint32_t	
[3832]	0	0x20003FF0	uint32_t	
[3833]	0	0x20003FF4	uint32_t	
[3834]	0	0x20003FF8	uint32_t	
[3835]	0	0x20003FFC	uint32_t	
[3836]	0	0x20004000	uint32_t	
[3837]	0	0x20004004	uint32_t	
[3838]	0	0x20004008	uint32_t	
[3839]	0	0x2000400C	uint32_t	
[3840]	0	0x20004010	uint32_t	
[3841]	0	0x20004014	uint32_t	
[3842]	0	0x20004018	uint32_t	
[3843]	0	0x2000401C	uint32_t	
[3844]	0	0x20004020	uint32_t	
[3845]	0	0x20004024	uint32_t	
[3846]	0	0x20004028	uint32_t	
[3847]	0	0x2000402C	uint32_t	
[3848]	0	0x20004030	uint32_t	
[3849]	0	0x20004034	uint32_t	
[3850]	0	0x20004038	uint32_t	
[3851]	0	0x2000403C	uint32_t	
[3852]	0	0x20004040	uint32_t	
[3853]	0	0x20004044	uint32_t	
[3854]	0	0x20004048	uint32_t	
[3855]	0	0x2000404C	uint32_t	
[3856]	0	0x20004050	uint32_t	
[3857]	0	0x20004054	uint32_t	
[3858]	0	0x20004058	uint32_t	
[3859]	0	0x2000405C	uint32_t	
[3860]	0	0x20004060	uint32_t	
[3861]	0	0x20004064	uint32_t	
[3862]	0	0x20004068	uint32_t	
[3863]	0	0x2000406C	uint32_t	
[3864]	0	0x20004070	uint32_t	
[3865]	0	0x20004074	uint32_t	
[3866]	0	0x20004078	uint32_t	
[3867]	0	0x2000407C	uint32_t	
[3868]	0	0x20004080	uint32_t	
[3869]	0	0x20004084	uint32_t	
[3870]	0	0x20004088	uint32_t	
[3871]	0	0x2000408C	uint32_t	
[3872]	0	0x20004090	uint32_t	
[3873]	0	0x20004094	uint32_t	
[3874]	0	0x20004098	uint32_t	
[3875]	0	0x2000409C	uint32_t	
[3876]	0	0x200040A0	uint32_t	
[3877]	0	0x200040A4	uint32_t	
[3878]	0	0x200040A8	uint32_t	
[3879]	0	0x200040AC	uint32_t	
[3880]	0	0x200040B0	uint32_t	
[3881]	0	0x200040B4	uint32_t	
[3882]	0	0x200040B8	uint32_t	
[3883]	0	0x200040BC	uint32_t	
[3884]	0	0x200040C0	uint32_t	
[3885]	0	0x200040C4	uint32_t	
[3886]	0	0x200040C8	uint32_t	
[3887]	0	0x200040CC	uint32_t	
[3888]	0	0x200040D0	uint32_t	
[3889]	0	0x200040D4	uint32_t	
[3890]	0	0x200040D8	uint32_t	
[3891]	0	0x200040DC	uint32_t	
[3892]	0	0x200040E0	uint32_t	
[3893]	0	0x200040E4	uint32_t	
[3894]	0	0x200040E8	uint32_t	
[3895]	0	0x200040EC	uint32_t	
[3896]	0	0x200040F0	uint32_t	
[3897]	0	0x200040F4	uint32_t	
[3898]	0	0x200040F8	uint32_t	
[3899]	0	0x200040FC	uint32_t	
[3900]	0	0x20004100	uint32_t	
[3901]	0	0x20004104	uint32_t	
[3902]	0	0x20004108	uint32_t	
[3903]	0	0x2000410C	uint32_t	
[3904]	0	0x20004110	uint32_t	
[3905]	0	0x20004114	uint32_t	
[3906]	0	0x20004118	uint32_t	
[3907]	0	0x2000411C	uint32_t	
[3908]	0	0x20004120	uint32_t	
[3909]	0	0x20004124	uint32_t	
[3910]	0	0x20004128	uint32_t	
[3911]	0	0x2000412C	uint32_t	
[3912]	0	0x20004130	uint32_t	
[3913]	0	0x20004134	uint32_t	
[3914]	0	0x20004138	uint32_t	
[3915]	0	0x2000413C	uint32_t	
[3916]	0	0x20004140	uint32_t	
[3917]	0	0x20004144	uint32_t	
[3918]	0	0x20004148	uint32_t	
[3919]	0	0x2000414C	uint32_t	
[3920]	0	0x20004150	uint32_t	
[3921]	0	0x20004154	uint32_t	
[3922]	0	0x20004158	uint32_t	
[3923]	0	0x2000415C	uint32_t	
[3924]	0	0x20004160	uint32_t	
[3925]	0	0x20004164	uint32_t	
[3926]	0	0x20004168	uint32_t	
[3927]	0	0x2000416C	uint32_t	
[3928]	0	0x20004170	uint32_t	
[3929]	0	0x20004174	uint32_t	
[3930]	0	0x20004178	uint32_t	
[3931]	0	0x2000417C	uint32_t	
[3932]	0	0x20004180	uint32_t	
[3933]	0	0x20004184	uint32_t	
[3934]	0	0x20004188	uint32_t	
[3935]	0	0x2000418C	uint32_t	
[3936]	0	0x20004190	uint32_t	
[3937]	0	0x20004194	uint32_t	
[3938]	0	0x20004198	uint32_t	
[3939]	0	0x2000419C	uint32_t	
[3940]	0	0x200041A0	uint32_t	
[3941]	0	0x200041A4	uint32_t	
[3942]	0	0x200041A8	uint32_t	
[3943]	0	0x200041AC	uint32_t	
[3944]	0	0x200041B0	uint32_t	
[3945]	0	0x200041B4	uint32_t	
[3946]	0	0x200041B8	uint32_t	
[3947]	0	0x200041BC	uint32_t	
[3948]	0	0x200041C0	uint32_t	
[3949]	0	0x200041C4	uint32_t	
[3950]	0	0x200041C8	uint32_t	
[3951]	0	0x200041CC	uint32_t	
[3952]	0	0x200041D0	uint32_t	
[3953]	0	0x200041D4	uint32_t	
[3954]	0	0x200041D8	uint32_t	
[3955]	0	0x200041DC	uint32_t	
[3956]	0	0x200041E0	uint32_t	
[3957]	0	0x200041E4	uint32_t	
[3958]	0	0x200041E8	uint32_t	
[3959]	0	0x200041EC	uint32_t	
[3960]	0	0x200041F0	uint32_t	
[3961]	0	0x200041F4	uint32_t	
[3962]	0	0x200041F8	uint32_t	
[3963]	0	0x200041FC	uint32_t	
[3964]	0	0x20004200	uint32_t	
[3965]	0	0x20004204	uint32_t	
[3966]	0	0x20004208	uint32_t	
[3967]	0	0x2000420C	uint32_t	
[3968]	0	0x20004210	uint32_t	
[3969]	0	0x20004214	uint32_t	
[3970]	0	0x20004218	uint32_t	
[3971]	0	0x2000421C	uint32_t	
[3972]	0	0x20004220	uint32_t	
[3973]	0	0x20004224	uint32_t	
[3974]	0	0x20004228	uint32_t	
[3975]	0	0x2000422C	uint32_t	
[3976]	0	0x20004230	uint32_t	
[3977]	0	0x20004234	uint32_t	
[3978]	0	0x20004238	uint32_t	
[3979]	0	0x2000423C	uint32_t	
[3980]	0	0x20004240	uint32_t	
[3981]	0	0x20004244	uint32_t	
[3982]	0	0x20004248	uint32_t	
[3983]	0	0x2000424C	uint32_t	
[3984]	0	0x20004250	uint32_t	
[3985]	0	0x20004254	uint32_t	
[3986]	0	0x20004258	uint32_t	
[3987]	0	0x2000425C	uint32_t	
[3988]	0	0x20004260	uint32_t	
[3989]	0	0x20004264	uint32_t	
[3990]	0	0x20004268	uint32_t	
[3991]	0	0x2000426C	uint32_t	
[3992]	0	0x20004270	uint32_t	
[3993]	0	0x20004274	uint32_t	
[3994]	0	0x20004278	uint32_t	
[3995]	0	0x2000427C	uint32_t	
[3996]	0	0x20004280	uint32_t	
[3997]	0	0x20004284	uint32_t	
[3998]	0	0x20004288	uint32_t	
[3999]	0	0x2000428C	uint32_t	
[4000]	0	0x20004290	uint32_t	
[4001]	0	0x20004294	uint32_t	
[4002]	0	0x20004298	uint32_t	
[4003]	0	0x2000429C	uint32_t	
[4004]	0	0x200042A0	uint32_t	
[4005]	0	0x200042A4	uint32_t	
[4006]	0	0x200042A8	uint32_t	
[4007]	0	0x200042AC	uint32_t	
[4008]	0	0x200042B0	uint32_t	
[4009]	0	0x200042B4	uint32_t	
[4010]	0	0x200042B8	uint32_t	
[4011]	0	0x200042BC	uint32_t	
[4012]	0	0x200042C0	uint32_t	
[4013]	0	0x200042C4	uint32_t	
[4014]	0	0x200042C8	uint32_t	
[4015]	0	0x200042CC	uint32_t	
[4016]	0	0x200042D0	uint32_t	
[4017]	0	0x200042D4	uint32_t	
[4018]	0	0x200042D8	uint32_t	
[4019]	0	0x200042DC	uint32_t	
[4020]	0	0x200042E0	uint32_t	
[4021]	0	0x200042E4	uint32_t	
[4022]	0	0x200042E8	uint32_t	
[4023]	0	0x200042EC	uint32_t	
[4024]	0	0x200042F0	uint32_t	
[4025]	0	0x200042F4	uint32_t	
[4026]	0	0x200042F8	uint32_t	
[4027]	0	0x200042FC	uint32_t	
[4028]	0	0x20004300	uint32_t	
[4029]	0	0x20004304	uint32_t	
[4030]	0	0x20004308	uint32_t	
[4031]	0	0x2000430C	uint32_t	
[4032]	0	0x20004310	uint32_t	
[4033]	0	0x20004314	uint32_t	
[4034]	0	0x20004318	uint32_t	
[4035]	0	0x2000431C	uint32_t	
[4036]	0	0x20004320	uint32_t	
[4037]	0	0x20004324	uint32_t	
[4038]	0	0x20004328	uint32_t	
[4039]	0	0x2000432C	uint32_t	
[4040]	0	0x20004330	uint32_t	
[4041]	0	0x20004334	uint32_t	
[4042]	0	0x20004338	uint32_t	
[4043]	0	0x2000433C	uint32_t	
[4044]	0	0x20004340	uint32_t	
[4045]	0	0x20004344	uint32_t	
[4046]	0	0x20004348	uint32_t	
[4047]	0	0x2000434C	uint32_t	
[4048]	0	0x20004350	uint32_t	
[4049]	0	0x20004354	uint32_t	
[4050]	0	0x20004358	uint32_t	
[4051]	0	0x2000435C	uint32_t	
[4052]	0	0x20004360	uint32_t	
[4053]	0	0x20004364	uint32_t	
[4054]	0	0x20004368	uint32_t	
[4055]	0	0x2000436C	uint32_t	
[4056]	0	0x20004370	uint32_t	
[4057]	0	0x20004374	uint32_t	
[4058]	0	0x20004378	uint32_t	
[4059]	0	0x2000437C	uint32_t	
[4060]	0	0x20004380	uint32_t	
[4061]	0	0x20004384	uint32_t	
[4062]	0	0x20004388	uint32_t	
[4063]	0	0x2000438C	uint32_t	
[4064]	0	0x20004390	uint32_t	
[4065]	0	0x20004394	uint32_t	
[4066]	0	0x20004398	uint32_t	
[4067]	0	0x2000439C	uint32_t	
[4068]	0	0x200043A0	uint32_t	
[4069]	0	0x200043A4	uint32_t	
[4070]	0	0x200043A8	uint32_t	
[4071]	0	0x200043AC	uint32_t	
[4072]	0	0x200043B0	uint32_t	
[4073]	0	0x200043B4	uint32_t	
[4074]	0	0x200043B8	uint32_t	
[4075]	0	0x200043BC	uint32_t	
[4076]	0	0x200043C0	uint32_t	
[4077]	0	0x200043C4	uint32_t	
[4078]	0	0x200043C8	uint32_t	
[4079]	0	0x200043CC	uint32_t	
[4080]	0	0x200043D0	uint32_t	
[4081]	0	0x200043D4	uint32_t	
[4082]	0	0x200043D8	uint32_t	
[4083]	0	0x200043DC	uint32_t	
[4084]	0	0x200043E0	uint32_t	
[4085]	0	0x200043E4	uint32_t	
[4086]	0	0x200043E8	uint32_t	
[4087]	0	0x200043EC	uint32_t	
[4088]	0	0x200043F0	uint32_t	
[4089]	0	0x200043F4	uint32_t	
[4090]	0	0x200043F8	uint32_t	
[4091]	0	0x200043FC	uint32_t	
[4092]	0	0x20004400	uint32_t	
[4093]	0	0x20004404	uint32_t	
[4094]	0	0x20004408	uint32_t	
[4095]	0	0x2000440C	uint32_t	
integral	<array>	0x20004410	uint16_t[256]	
abc	Error (col 1): Unknown or ambiguous symbol. abc			
dmardy	0	0x20004792	uint16_t	
comparator_event_count	17	0x20004780	uint32_t	
comparator_events_per_second	40	0x2000477C	uint32_t	
cps	39	0x2000476C	uint32_t	
sum	0	0x2000478E	uint16_t	
sqa	155	0x20004790	uint16_t	
